use songs;


INSERT INTO users (username, name, email, register_time) VALUES ('uncingbawd', 'uncingbawd', 'uncingbawd@mail.com', toTimestamp(now()));
INSERT INTO users (username, name, email, register_time) VALUES ('monasterysave', 'monasterysave', 'monasterysave@mail.com', toTimestamp(now()));
INSERT INTO users (username, name, email, register_time) VALUES ('fonttyler', 'fonttyler', 'fonttyler@mail.com', toTimestamp(now()));
INSERT INTO users (username, name, email, register_time) VALUES ('breamishcarrion', 'breamishcarrion', 'breamishcarrion@mail.com', toTimestamp(now()));
INSERT INTO users (username, name, email, register_time) VALUES ('evremondelucero', 'evremondelucero', 'evremondelucero@mail.com', toTimestamp(now()));
INSERT INTO users (username, name, email, register_time) VALUES ('helenaproject', 'helenaproject', 'helenaproject@mail.com', toTimestamp(now()));
INSERT INTO users (username, name, email, register_time) VALUES ('pumicepajamas', 'pumicepajamas', 'pumicepajamas@mail.com', toTimestamp(now()));
INSERT INTO users (username, name, email, register_time) VALUES ('tantalumsairey', 'tantalumsairey', 'tantalumsairey@mail.com', toTimestamp(now()));
INSERT INTO users (username, name, email, register_time) VALUES ('snookerrostipopinjayamelio', 'snookerrostipopinjayamelio', 'snookerrostipopinjayamelio@mail.com', toTimestamp(now()));
INSERT INTO users (username, name, email, register_time) VALUES ('detonatorcolossal', 'detonatorcolossal', 'detonatorcolossal@mail.com', toTimestamp(now()));
INSERT INTO users (username, name, email, register_time) VALUES ('defeatedringed', 'defeatedringed', 'defeatedringed@mail.com', toTimestamp(now()));
INSERT INTO users (username, name, email, register_time) VALUES ('pretzelswanny', 'pretzelswanny', 'pretzelswanny@mail.com', toTimestamp(now()));
INSERT INTO users (username, name, email, register_time) VALUES ('deservinglevitate', 'deservinglevitate', 'deservinglevitate@mail.com', toTimestamp(now()));
INSERT INTO users (username, name, email, register_time) VALUES ('spashedunseeing', 'spashedunseeing', 'spashedunseeing@mail.com', toTimestamp(now()));
INSERT INTO users (username, name, email, register_time) VALUES ('lavaranging', 'lavaranging', 'lavaranging@mail.com', toTimestamp(now()));
INSERT INTO users (username, name, email, register_time) VALUES ('championfilibuster', 'championfilibuster', 'championfilibuster@mail.com', toTimestamp(now()));
INSERT INTO users (username, name, email, register_time) VALUES ('gapingdad', 'gapingdad', 'gapingdad@mail.com', toTimestamp(now()));
INSERT INTO users (username, name, email, register_time) VALUES ('challengeinsurance', 'challengeinsurance', 'challengeinsurance@mail.com', toTimestamp(now()));
INSERT INTO users (username, name, email, register_time) VALUES ('cuddlealkali', 'cuddlealkali', 'cuddlealkali@mail.com', toTimestamp(now()));
INSERT INTO users (username, name, email, register_time) VALUES ('wingedmahjong', 'wingedmahjong', 'wingedmahjong@mail.com', toTimestamp(now()));
INSERT INTO users (username, name, email, register_time) VALUES ('pidgerdoleritebackbonedrhyme', 'pidgerdoleritebackbonedrhyme', 'pidgerdoleritebackbonedrhyme@mail.com', toTimestamp(now()));
INSERT INTO users (username, name, email, register_time) VALUES ('egyptianfiddley', 'egyptianfiddley', 'egyptianfiddley@mail.com', toTimestamp(now()));
INSERT INTO users (username, name, email, register_time) VALUES ('warwickshireshadiness', 'warwickshireshadiness', 'warwickshireshadiness@mail.com', toTimestamp(now()));
INSERT INTO users (username, name, email, register_time) VALUES ('burnsexam', 'burnsexam', 'burnsexam@mail.com', toTimestamp(now()));
INSERT INTO users (username, name, email, register_time) VALUES ('electiondressage', 'electiondressage', 'electiondressage@mail.com', toTimestamp(now()));
INSERT INTO users (username, name, email, register_time) VALUES ('premisescountrycleftroad', 'premisescountrycleftroad', 'premisescountrycleftroad@mail.com', toTimestamp(now()));
INSERT INTO users (username, name, email, register_time) VALUES ('overtlyelf', 'overtlyelf', 'overtlyelf@mail.com', toTimestamp(now()));


INSERT INTO songs (name, artist, tags, duration, upload_time, followers, ratings) VALUES ('Song0', 'breamishcarrion', {'fiction', 'history'}, 418, toTimestamp(now()), {'cuddlealkali', 'premisescountrycleftroad', 'detonatorcolossal', 'overtlyelf', 'monasterysave'}, [2, 3, 5, 6, 8]);
INSERT INTO songs_by_artist (name, artist, tags, duration, upload_time, followers, ratings) VALUES ('Song0', 'breamishcarrion', {'fiction', 'history'}, 418, toTimestamp(now()), {'cuddlealkali', 'premisescountrycleftroad', 'detonatorcolossal', 'overtlyelf', 'monasterysave'}, [2, 3, 5, 6, 8]);
INSERT INTO songs (name, artist, tags, duration, upload_time, followers, ratings) VALUES ('Song1', 'tantalumsairey', {'thriller', 'fiction'}, 554, toTimestamp(now()), {'snookerrostipopinjayamelio', 'overtlyelf', 'fonttyler', 'burnsexam', 'spashedunseeing'}, [1, 2, 3, 5, 8]);
INSERT INTO songs_by_artist (name, artist, tags, duration, upload_time, followers, ratings) VALUES ('Song1', 'tantalumsairey', {'thriller', 'fiction'}, 554, toTimestamp(now()), {'snookerrostipopinjayamelio', 'overtlyelf', 'fonttyler', 'burnsexam', 'spashedunseeing'}, [1, 2, 3, 5, 8]);
INSERT INTO songs (name, artist, tags, duration, upload_time, followers, ratings) VALUES ('Song2', 'uncingbawd', {'romance', 'drama', 'action'}, 275, toTimestamp(now()), {'snookerrostipopinjayamelio', 'overtlyelf', 'monasterysave', 'burnsexam', 'electiondressage'}, [10, 3, 4, 5]);
INSERT INTO songs_by_artist (name, artist, tags, duration, upload_time, followers, ratings) VALUES ('Song2', 'uncingbawd', {'romance', 'drama', 'action'}, 275, toTimestamp(now()), {'snookerrostipopinjayamelio', 'overtlyelf', 'monasterysave', 'burnsexam', 'electiondressage'}, [10, 3, 4, 5]);
INSERT INTO songs (name, artist, tags, duration, upload_time, followers, ratings) VALUES ('Song3', 'breamishcarrion', {'comedy', 'thriller', 'action'}, 714, toTimestamp(now()), {'detonatorcolossal', 'defeatedringed', 'monasterysave', 'gapingdad', 'spashedunseeing'}, [1, 4, 7, 9, 10]);
INSERT INTO songs_by_artist (name, artist, tags, duration, upload_time, followers, ratings) VALUES ('Song3', 'breamishcarrion', {'comedy', 'thriller', 'action'}, 714, toTimestamp(now()), {'detonatorcolossal', 'defeatedringed', 'monasterysave', 'gapingdad', 'spashedunseeing'}, [1, 4, 7, 9, 10]);
INSERT INTO songs (name, artist, tags, duration, upload_time, followers, ratings) VALUES ('Song4', 'premisescountrycleftroad', {'comedy', 'thriller', 'romance'}, 915, toTimestamp(now()), {'pidgerdoleritebackbonedrhyme', 'warwickshireshadiness', 'detonatorcolossal', 'deservinglevitate'}, [1, 10, 6, 9]);
INSERT INTO songs_by_artist (name, artist, tags, duration, upload_time, followers, ratings) VALUES ('Song4', 'premisescountrycleftroad', {'comedy', 'thriller', 'romance'}, 915, toTimestamp(now()), {'pidgerdoleritebackbonedrhyme', 'warwickshireshadiness', 'detonatorcolossal', 'deservinglevitate'}, [1, 10, 6, 9]);
INSERT INTO songs (name, artist, tags, duration, upload_time, followers, ratings) VALUES ('Song5', 'pretzelswanny', {'fiction', 'action'}, 162, toTimestamp(now()), {'cuddlealkali', 'pretzelswanny', 'deservinglevitate', 'fonttyler', 'wingedmahjong'}, [9, 10, 4, 5]);
INSERT INTO songs_by_artist (name, artist, tags, duration, upload_time, followers, ratings) VALUES ('Song5', 'pretzelswanny', {'fiction', 'action'}, 162, toTimestamp(now()), {'cuddlealkali', 'pretzelswanny', 'deservinglevitate', 'fonttyler', 'wingedmahjong'}, [9, 10, 4, 5]);
INSERT INTO songs (name, artist, tags, duration, upload_time, followers, ratings) VALUES ('Song6', 'deservinglevitate', {'thriller', 'romance', 'history'}, 14, toTimestamp(now()), {'pumicepajamas', 'monasterysave', 'gapingdad', 'spashedunseeing'}, [1, 5, 7, 9, 10]);
INSERT INTO songs_by_artist (name, artist, tags, duration, upload_time, followers, ratings) VALUES ('Song6', 'deservinglevitate', {'thriller', 'romance', 'history'}, 14, toTimestamp(now()), {'pumicepajamas', 'monasterysave', 'gapingdad', 'spashedunseeing'}, [1, 5, 7, 9, 10]);
INSERT INTO songs (name, artist, tags, duration, upload_time, followers, ratings) VALUES ('Song7', 'breamishcarrion', {'comedy', 'drama', 'action'}, 512, toTimestamp(now()), {'pidgerdoleritebackbonedrhyme', 'monasterysave', 'burnsexam', 'breamishcarrion'}, [3, 6, 7, 9, 10]);
INSERT INTO songs_by_artist (name, artist, tags, duration, upload_time, followers, ratings) VALUES ('Song7', 'breamishcarrion', {'comedy', 'drama', 'action'}, 512, toTimestamp(now()), {'pidgerdoleritebackbonedrhyme', 'monasterysave', 'burnsexam', 'breamishcarrion'}, [3, 6, 7, 9, 10]);
INSERT INTO songs (name, artist, tags, duration, upload_time, followers, ratings) VALUES ('Song8', 'gapingdad', {'comedy', 'drama'}, 928, toTimestamp(now()), {'tantalumsairey', 'pidgerdoleritebackbonedrhyme', 'snookerrostipopinjayamelio', 'premisescountrycleftroad'}, [1, 5, 6, 8, 10]);
INSERT INTO songs_by_artist (name, artist, tags, duration, upload_time, followers, ratings) VALUES ('Song8', 'gapingdad', {'comedy', 'drama'}, 928, toTimestamp(now()), {'tantalumsairey', 'pidgerdoleritebackbonedrhyme', 'snookerrostipopinjayamelio', 'premisescountrycleftroad'}, [1, 5, 6, 8, 10]);
INSERT INTO songs (name, artist, tags, duration, upload_time, followers, ratings) VALUES ('Song9', 'tantalumsairey', {'fiction', 'history'}, 741, toTimestamp(now()), {'championfilibuster', 'egyptianfiddley', 'fonttyler', 'cuddlealkali'}, [8, 4, 5, 7]);
INSERT INTO songs_by_artist (name, artist, tags, duration, upload_time, followers, ratings) VALUES ('Song9', 'tantalumsairey', {'fiction', 'history'}, 741, toTimestamp(now()), {'championfilibuster', 'egyptianfiddley', 'fonttyler', 'cuddlealkali'}, [8, 4, 5, 7]);
INSERT INTO songs (name, artist, tags, duration, upload_time, followers, ratings) VALUES ('Song10', 'egyptianfiddley', {'comedy', 'romance', 'drama'}, 872, toTimestamp(now()), {'cuddlealkali', 'detonatorcolossal', 'pumicepajamas', 'spashedunseeing', 'evremondelucero'}, [1, 2, 5, 8, 10]);
INSERT INTO songs_by_artist (name, artist, tags, duration, upload_time, followers, ratings) VALUES ('Song10', 'egyptianfiddley', {'comedy', 'romance', 'drama'}, 872, toTimestamp(now()), {'cuddlealkali', 'detonatorcolossal', 'pumicepajamas', 'spashedunseeing', 'evremondelucero'}, [1, 2, 5, 8, 10]);
INSERT INTO songs (name, artist, tags, duration, upload_time, followers, ratings) VALUES ('Song11', 'electiondressage', {'thriller', 'drama', 'action'}, 79, toTimestamp(now()), {'premisescountrycleftroad', 'snookerrostipopinjayamelio', 'uncingbawd', 'pidgerdoleritebackbonedrhyme', 'wingedmahjong'}, [2, 5, 6, 7, 8]);
INSERT INTO songs_by_artist (name, artist, tags, duration, upload_time, followers, ratings) VALUES ('Song11', 'electiondressage', {'thriller', 'drama', 'action'}, 79, toTimestamp(now()), {'premisescountrycleftroad', 'snookerrostipopinjayamelio', 'uncingbawd', 'pidgerdoleritebackbonedrhyme', 'wingedmahjong'}, [2, 5, 6, 7, 8]);
INSERT INTO songs (name, artist, tags, duration, upload_time, followers, ratings) VALUES ('Song12', 'warwickshireshadiness', {'fiction', 'action'}, 783, toTimestamp(now()), {'pretzelswanny', 'detonatorcolossal', 'uncingbawd', 'spashedunseeing', 'evremondelucero'}, [9, 4, 6]);
INSERT INTO songs_by_artist (name, artist, tags, duration, upload_time, followers, ratings) VALUES ('Song12', 'warwickshireshadiness', {'fiction', 'action'}, 783, toTimestamp(now()), {'pretzelswanny', 'detonatorcolossal', 'uncingbawd', 'spashedunseeing', 'evremondelucero'}, [9, 4, 6]);
INSERT INTO songs (name, artist, tags, duration, upload_time, followers, ratings) VALUES ('Song13', 'cuddlealkali', {'romance', 'drama'}, 493, toTimestamp(now()), {'cuddlealkali', 'burnsexam', 'lavaranging', 'overtlyelf'}, [10, 3, 4, 7]);
INSERT INTO songs_by_artist (name, artist, tags, duration, upload_time, followers, ratings) VALUES ('Song13', 'cuddlealkali', {'romance', 'drama'}, 493, toTimestamp(now()), {'cuddlealkali', 'burnsexam', 'lavaranging', 'overtlyelf'}, [10, 3, 4, 7]);
INSERT INTO songs (name, artist, tags, duration, upload_time, followers, ratings) VALUES ('Song14', 'defeatedringed', {'thriller', 'drama'}, 640, toTimestamp(now()), {'challengeinsurance', 'championfilibuster', 'monasterysave', 'wingedmahjong', 'burnsexam'}, [2, 4, 5, 8, 10]);
INSERT INTO songs_by_artist (name, artist, tags, duration, upload_time, followers, ratings) VALUES ('Song14', 'defeatedringed', {'thriller', 'drama'}, 640, toTimestamp(now()), {'challengeinsurance', 'championfilibuster', 'monasterysave', 'wingedmahjong', 'burnsexam'}, [2, 4, 5, 8, 10]);
INSERT INTO songs (name, artist, tags, duration, upload_time, followers, ratings) VALUES ('Song15', 'challengeinsurance', {'thriller', 'romance'}, 298, toTimestamp(now()), {'pidgerdoleritebackbonedrhyme', 'electiondressage', 'gapingdad', 'fonttyler'}, [3, 4, 5, 9, 10]);
INSERT INTO songs_by_artist (name, artist, tags, duration, upload_time, followers, ratings) VALUES ('Song15', 'challengeinsurance', {'thriller', 'romance'}, 298, toTimestamp(now()), {'pidgerdoleritebackbonedrhyme', 'electiondressage', 'gapingdad', 'fonttyler'}, [3, 4, 5, 9, 10]);
INSERT INTO songs (name, artist, tags, duration, upload_time, followers, ratings) VALUES ('Song16', 'championfilibuster', {'thriller', 'fiction', 'drama'}, 171, toTimestamp(now()), {'cuddlealkali', 'lavaranging', 'championfilibuster', 'overtlyelf', 'monasterysave'}, [2, 4, 5, 6, 10]);
INSERT INTO songs_by_artist (name, artist, tags, duration, upload_time, followers, ratings) VALUES ('Song16', 'championfilibuster', {'thriller', 'fiction', 'drama'}, 171, toTimestamp(now()), {'cuddlealkali', 'lavaranging', 'championfilibuster', 'overtlyelf', 'monasterysave'}, [2, 4, 5, 6, 10]);
INSERT INTO songs (name, artist, tags, duration, upload_time, followers, ratings) VALUES ('Song17', 'egyptianfiddley', {'thriller', 'fiction', 'drama'}, 491, toTimestamp(now()), {'lavaranging', 'premisescountrycleftroad', 'championfilibuster', 'defeatedringed', 'gapingdad'}, [10, 4, 6, 7]);
INSERT INTO songs_by_artist (name, artist, tags, duration, upload_time, followers, ratings) VALUES ('Song17', 'egyptianfiddley', {'thriller', 'fiction', 'drama'}, 491, toTimestamp(now()), {'lavaranging', 'premisescountrycleftroad', 'championfilibuster', 'defeatedringed', 'gapingdad'}, [10, 4, 6, 7]);
INSERT INTO songs (name, artist, tags, duration, upload_time, followers, ratings) VALUES ('Song18', 'pumicepajamas', {'drama', 'history'}, 333, toTimestamp(now()), {'challengeinsurance', 'detonatorcolossal', 'pumicepajamas', 'gapingdad', 'evremondelucero'}, [1, 2, 8, 9, 10]);
INSERT INTO songs_by_artist (name, artist, tags, duration, upload_time, followers, ratings) VALUES ('Song18', 'pumicepajamas', {'drama', 'history'}, 333, toTimestamp(now()), {'challengeinsurance', 'detonatorcolossal', 'pumicepajamas', 'gapingdad', 'evremondelucero'}, [1, 2, 8, 9, 10]);
INSERT INTO songs (name, artist, tags, duration, upload_time, followers, ratings) VALUES ('Song19', 'electiondressage', {'comedy', 'thriller'}, 431, toTimestamp(now()), {'premisescountrycleftroad', 'defeatedringed', 'pidgerdoleritebackbonedrhyme', 'monasterysave', 'burnsexam'}, [8, 1, 2, 6]);
INSERT INTO songs_by_artist (name, artist, tags, duration, upload_time, followers, ratings) VALUES ('Song19', 'electiondressage', {'comedy', 'thriller'}, 431, toTimestamp(now()), {'premisescountrycleftroad', 'defeatedringed', 'pidgerdoleritebackbonedrhyme', 'monasterysave', 'burnsexam'}, [8, 1, 2, 6]);
INSERT INTO songs (name, artist, tags, duration, upload_time, followers, ratings) VALUES ('Song20', 'egyptianfiddley', {'thriller', 'romance', 'history'}, 175, toTimestamp(now()), {'pumicepajamas', 'monasterysave', 'spashedunseeing', 'pidgerdoleritebackbonedrhyme'}, [2, 4, 5, 7, 8]);
INSERT INTO songs_by_artist (name, artist, tags, duration, upload_time, followers, ratings) VALUES ('Song20', 'egyptianfiddley', {'thriller', 'romance', 'history'}, 175, toTimestamp(now()), {'pumicepajamas', 'monasterysave', 'spashedunseeing', 'pidgerdoleritebackbonedrhyme'}, [2, 4, 5, 7, 8]);
INSERT INTO songs (name, artist, tags, duration, upload_time, followers, ratings) VALUES ('Song21', 'snookerrostipopinjayamelio', {'comedy', 'romance', 'action'}, 408, toTimestamp(now()), {'pumicepajamas', 'detonatorcolossal', 'uncingbawd', 'tantalumsairey'}, [1, 9, 7]);
INSERT INTO songs_by_artist (name, artist, tags, duration, upload_time, followers, ratings) VALUES ('Song21', 'snookerrostipopinjayamelio', {'comedy', 'romance', 'action'}, 408, toTimestamp(now()), {'pumicepajamas', 'detonatorcolossal', 'uncingbawd', 'tantalumsairey'}, [1, 9, 7]);
INSERT INTO songs (name, artist, tags, duration, upload_time, followers, ratings) VALUES ('Song22', 'cuddlealkali', {'thriller', 'romance', 'action'}, 949, toTimestamp(now()), {'tantalumsairey', 'monasterysave', 'snookerrostipopinjayamelio', 'uncingbawd'}, [10, 3, 4, 5]);
INSERT INTO songs_by_artist (name, artist, tags, duration, upload_time, followers, ratings) VALUES ('Song22', 'cuddlealkali', {'thriller', 'romance', 'action'}, 949, toTimestamp(now()), {'tantalumsairey', 'monasterysave', 'snookerrostipopinjayamelio', 'uncingbawd'}, [10, 3, 4, 5]);
INSERT INTO songs (name, artist, tags, duration, upload_time, followers, ratings) VALUES ('Song23', 'electiondressage', {'comedy', 'romance', 'history'}, 67, toTimestamp(now()), {'premisescountrycleftroad', 'championfilibuster', 'deservinglevitate', 'electiondressage', 'gapingdad'}, [1, 2, 3, 5, 9]);
INSERT INTO songs_by_artist (name, artist, tags, duration, upload_time, followers, ratings) VALUES ('Song23', 'electiondressage', {'comedy', 'romance', 'history'}, 67, toTimestamp(now()), {'premisescountrycleftroad', 'championfilibuster', 'deservinglevitate', 'electiondressage', 'gapingdad'}, [1, 2, 3, 5, 9]);
INSERT INTO songs (name, artist, tags, duration, upload_time, followers, ratings) VALUES ('Song24', 'overtlyelf', {'romance', 'drama', 'history'}, 408, toTimestamp(now()), {'pumicepajamas', 'monasterysave', 'cuddlealkali', 'helenaproject'}, [3, 4, 6, 7, 9]);
INSERT INTO songs_by_artist (name, artist, tags, duration, upload_time, followers, ratings) VALUES ('Song24', 'overtlyelf', {'romance', 'drama', 'history'}, 408, toTimestamp(now()), {'pumicepajamas', 'monasterysave', 'cuddlealkali', 'helenaproject'}, [3, 4, 6, 7, 9]);
INSERT INTO songs (name, artist, tags, duration, upload_time, followers, ratings) VALUES ('Song25', 'fonttyler', {'thriller', 'fiction', 'history'}, 122, toTimestamp(now()), {'lavaranging', 'pretzelswanny', 'deservinglevitate', 'pumicepajamas', 'evremondelucero'}, [8, 10, 2, 6]);
INSERT INTO songs_by_artist (name, artist, tags, duration, upload_time, followers, ratings) VALUES ('Song25', 'fonttyler', {'thriller', 'fiction', 'history'}, 122, toTimestamp(now()), {'lavaranging', 'pretzelswanny', 'deservinglevitate', 'pumicepajamas', 'evremondelucero'}, [8, 10, 2, 6]);
INSERT INTO songs (name, artist, tags, duration, upload_time, followers, ratings) VALUES ('Song26', 'helenaproject', {'thriller', 'history'}, 366, toTimestamp(now()), {'egyptianfiddley', 'lavaranging', 'detonatorcolossal', 'fonttyler', 'electiondressage'}, [1, 4, 5, 7]);
INSERT INTO songs_by_artist (name, artist, tags, duration, upload_time, followers, ratings) VALUES ('Song26', 'helenaproject', {'thriller', 'history'}, 366, toTimestamp(now()), {'egyptianfiddley', 'lavaranging', 'detonatorcolossal', 'fonttyler', 'electiondressage'}, [1, 4, 5, 7]);
INSERT INTO songs (name, artist, tags, duration, upload_time, followers, ratings) VALUES ('Song27', 'evremondelucero', {'fiction', 'history', 'action'}, 334, toTimestamp(now()), {'challengeinsurance', 'pretzelswanny', 'pidgerdoleritebackbonedrhyme', 'pumicepajamas', 'evremondelucero'}, [9, 10, 4, 6]);
INSERT INTO songs_by_artist (name, artist, tags, duration, upload_time, followers, ratings) VALUES ('Song27', 'evremondelucero', {'fiction', 'history', 'action'}, 334, toTimestamp(now()), {'challengeinsurance', 'pretzelswanny', 'pidgerdoleritebackbonedrhyme', 'pumicepajamas', 'evremondelucero'}, [9, 10, 4, 6]);
INSERT INTO songs (name, artist, tags, duration, upload_time, followers, ratings) VALUES ('Song28', 'burnsexam', {'comedy', 'history', 'action'}, 897, toTimestamp(now()), {'championfilibuster', 'snookerrostipopinjayamelio', 'defeatedringed', 'burnsexam', 'spashedunseeing'}, [8, 10, 3, 4]);
INSERT INTO songs_by_artist (name, artist, tags, duration, upload_time, followers, ratings) VALUES ('Song28', 'burnsexam', {'comedy', 'history', 'action'}, 897, toTimestamp(now()), {'championfilibuster', 'snookerrostipopinjayamelio', 'defeatedringed', 'burnsexam', 'spashedunseeing'}, [8, 10, 3, 4]);
INSERT INTO songs (name, artist, tags, duration, upload_time, followers, ratings) VALUES ('Song29', 'pretzelswanny', {'comedy', 'romance', 'drama'}, 418, toTimestamp(now()), {'detonatorcolossal', 'snookerrostipopinjayamelio', 'deservinglevitate', 'electiondressage', 'spashedunseeing'}, [2, 3, 5, 6, 7]);
INSERT INTO songs_by_artist (name, artist, tags, duration, upload_time, followers, ratings) VALUES ('Song29', 'pretzelswanny', {'comedy', 'romance', 'drama'}, 418, toTimestamp(now()), {'detonatorcolossal', 'snookerrostipopinjayamelio', 'deservinglevitate', 'electiondressage', 'spashedunseeing'}, [2, 3, 5, 6, 7]);


INSERT INTO comments (user_name, song_name, comment, comment_time) VALUES ('wingedmahjong', 'Song26', '...', toTimestamp(now()));
INSERT INTO comments_by_author (user_name, song_name, comment, comment_time) VALUES ('wingedmahjong', 'Song26', '...', toTimestamp(now()));
INSERT INTO comments (user_name, song_name, comment, comment_time) VALUES ('snookerrostipopinjayamelio', 'Song8', '...', toTimestamp(now()));
INSERT INTO comments_by_author (user_name, song_name, comment, comment_time) VALUES ('snookerrostipopinjayamelio', 'Song8', '...', toTimestamp(now()));
INSERT INTO comments (user_name, song_name, comment, comment_time) VALUES ('wingedmahjong', 'Song26', '...', toTimestamp(now()));
INSERT INTO comments_by_author (user_name, song_name, comment, comment_time) VALUES ('wingedmahjong', 'Song26', '...', toTimestamp(now()));
INSERT INTO comments (user_name, song_name, comment, comment_time) VALUES ('deservinglevitate', 'Song3', '...', toTimestamp(now()));
INSERT INTO comments_by_author (user_name, song_name, comment, comment_time) VALUES ('deservinglevitate', 'Song3', '...', toTimestamp(now()));
INSERT INTO comments (user_name, song_name, comment, comment_time) VALUES ('electiondressage', 'Song17', '...', toTimestamp(now()));
INSERT INTO comments_by_author (user_name, song_name, comment, comment_time) VALUES ('electiondressage', 'Song17', '...', toTimestamp(now()));
INSERT INTO comments (user_name, song_name, comment, comment_time) VALUES ('snookerrostipopinjayamelio', 'Song16', '...', toTimestamp(now()));
INSERT INTO comments_by_author (user_name, song_name, comment, comment_time) VALUES ('snookerrostipopinjayamelio', 'Song16', '...', toTimestamp(now()));
INSERT INTO comments (user_name, song_name, comment, comment_time) VALUES ('uncingbawd', 'Song8', '...', toTimestamp(now()));
INSERT INTO comments_by_author (user_name, song_name, comment, comment_time) VALUES ('uncingbawd', 'Song8', '...', toTimestamp(now()));
INSERT INTO comments (user_name, song_name, comment, comment_time) VALUES ('challengeinsurance', 'Song21', '...', toTimestamp(now()));
INSERT INTO comments_by_author (user_name, song_name, comment, comment_time) VALUES ('challengeinsurance', 'Song21', '...', toTimestamp(now()));
INSERT INTO comments (user_name, song_name, comment, comment_time) VALUES ('fonttyler', 'Song26', '...', toTimestamp(now()));
INSERT INTO comments_by_author (user_name, song_name, comment, comment_time) VALUES ('fonttyler', 'Song26', '...', toTimestamp(now()));
INSERT INTO comments (user_name, song_name, comment, comment_time) VALUES ('electiondressage', 'Song24', '...', toTimestamp(now()));
INSERT INTO comments_by_author (user_name, song_name, comment, comment_time) VALUES ('electiondressage', 'Song24', '...', toTimestamp(now()));
INSERT INTO comments (user_name, song_name, comment, comment_time) VALUES ('uncingbawd', 'Song2', '...', toTimestamp(now()));
INSERT INTO comments_by_author (user_name, song_name, comment, comment_time) VALUES ('uncingbawd', 'Song2', '...', toTimestamp(now()));
INSERT INTO comments (user_name, song_name, comment, comment_time) VALUES ('warwickshireshadiness', 'Song24', '...', toTimestamp(now()));
INSERT INTO comments_by_author (user_name, song_name, comment, comment_time) VALUES ('warwickshireshadiness', 'Song24', '...', toTimestamp(now()));
INSERT INTO comments (user_name, song_name, comment, comment_time) VALUES ('pumicepajamas', 'Song8', '...', toTimestamp(now()));
INSERT INTO comments_by_author (user_name, song_name, comment, comment_time) VALUES ('pumicepajamas', 'Song8', '...', toTimestamp(now()));
INSERT INTO comments (user_name, song_name, comment, comment_time) VALUES ('monasterysave', 'Song13', '...', toTimestamp(now()));
INSERT INTO comments_by_author (user_name, song_name, comment, comment_time) VALUES ('monasterysave', 'Song13', '...', toTimestamp(now()));
INSERT INTO comments (user_name, song_name, comment, comment_time) VALUES ('pretzelswanny', 'Song0', '...', toTimestamp(now()));
INSERT INTO comments_by_author (user_name, song_name, comment, comment_time) VALUES ('pretzelswanny', 'Song0', '...', toTimestamp(now()));
INSERT INTO comments (user_name, song_name, comment, comment_time) VALUES ('snookerrostipopinjayamelio', 'Song8', '...', toTimestamp(now()));
INSERT INTO comments_by_author (user_name, song_name, comment, comment_time) VALUES ('snookerrostipopinjayamelio', 'Song8', '...', toTimestamp(now()));
INSERT INTO comments (user_name, song_name, comment, comment_time) VALUES ('snookerrostipopinjayamelio', 'Song6', '...', toTimestamp(now()));
INSERT INTO comments_by_author (user_name, song_name, comment, comment_time) VALUES ('snookerrostipopinjayamelio', 'Song6', '...', toTimestamp(now()));
INSERT INTO comments (user_name, song_name, comment, comment_time) VALUES ('gapingdad', 'Song14', '...', toTimestamp(now()));
INSERT INTO comments_by_author (user_name, song_name, comment, comment_time) VALUES ('gapingdad', 'Song14', '...', toTimestamp(now()));
INSERT INTO comments (user_name, song_name, comment, comment_time) VALUES ('egyptianfiddley', 'Song7', '...', toTimestamp(now()));
INSERT INTO comments_by_author (user_name, song_name, comment, comment_time) VALUES ('egyptianfiddley', 'Song7', '...', toTimestamp(now()));
INSERT INTO comments (user_name, song_name, comment, comment_time) VALUES ('tantalumsairey', 'Song7', '...', toTimestamp(now()));
INSERT INTO comments_by_author (user_name, song_name, comment, comment_time) VALUES ('tantalumsairey', 'Song7', '...', toTimestamp(now()));
INSERT INTO comments (user_name, song_name, comment, comment_time) VALUES ('uncingbawd', 'Song13', '...', toTimestamp(now()));
INSERT INTO comments_by_author (user_name, song_name, comment, comment_time) VALUES ('uncingbawd', 'Song13', '...', toTimestamp(now()));
INSERT INTO comments (user_name, song_name, comment, comment_time) VALUES ('wingedmahjong', 'Song11', '...', toTimestamp(now()));
INSERT INTO comments_by_author (user_name, song_name, comment, comment_time) VALUES ('wingedmahjong', 'Song11', '...', toTimestamp(now()));
INSERT INTO comments (user_name, song_name, comment, comment_time) VALUES ('deservinglevitate', 'Song2', '...', toTimestamp(now()));
INSERT INTO comments_by_author (user_name, song_name, comment, comment_time) VALUES ('deservinglevitate', 'Song2', '...', toTimestamp(now()));
INSERT INTO comments (user_name, song_name, comment, comment_time) VALUES ('overtlyelf', 'Song13', '...', toTimestamp(now()));
INSERT INTO comments_by_author (user_name, song_name, comment, comment_time) VALUES ('overtlyelf', 'Song13', '...', toTimestamp(now()));
INSERT INTO comments (user_name, song_name, comment, comment_time) VALUES ('defeatedringed', 'Song1', '...', toTimestamp(now()));
INSERT INTO comments_by_author (user_name, song_name, comment, comment_time) VALUES ('defeatedringed', 'Song1', '...', toTimestamp(now()));
INSERT INTO comments (user_name, song_name, comment, comment_time) VALUES ('evremondelucero', 'Song13', '...', toTimestamp(now()));
INSERT INTO comments_by_author (user_name, song_name, comment, comment_time) VALUES ('evremondelucero', 'Song13', '...', toTimestamp(now()));
INSERT INTO comments (user_name, song_name, comment, comment_time) VALUES ('challengeinsurance', 'Song11', '...', toTimestamp(now()));
INSERT INTO comments_by_author (user_name, song_name, comment, comment_time) VALUES ('challengeinsurance', 'Song11', '...', toTimestamp(now()));
INSERT INTO comments (user_name, song_name, comment, comment_time) VALUES ('wingedmahjong', 'Song18', '...', toTimestamp(now()));
INSERT INTO comments_by_author (user_name, song_name, comment, comment_time) VALUES ('wingedmahjong', 'Song18', '...', toTimestamp(now()));
INSERT INTO comments (user_name, song_name, comment, comment_time) VALUES ('pretzelswanny', 'Song27', '...', toTimestamp(now()));
INSERT INTO comments_by_author (user_name, song_name, comment, comment_time) VALUES ('pretzelswanny', 'Song27', '...', toTimestamp(now()));
INSERT INTO comments (user_name, song_name, comment, comment_time) VALUES ('overtlyelf', 'Song2', '...', toTimestamp(now()));
INSERT INTO comments_by_author (user_name, song_name, comment, comment_time) VALUES ('overtlyelf', 'Song2', '...', toTimestamp(now()));
INSERT INTO comments (user_name, song_name, comment, comment_time) VALUES ('evremondelucero', 'Song7', '...', toTimestamp(now()));
INSERT INTO comments_by_author (user_name, song_name, comment, comment_time) VALUES ('evremondelucero', 'Song7', '...', toTimestamp(now()));
INSERT INTO comments (user_name, song_name, comment, comment_time) VALUES ('breamishcarrion', 'Song6', '...', toTimestamp(now()));
INSERT INTO comments_by_author (user_name, song_name, comment, comment_time) VALUES ('breamishcarrion', 'Song6', '...', toTimestamp(now()));
INSERT INTO comments (user_name, song_name, comment, comment_time) VALUES ('detonatorcolossal', 'Song19', '...', toTimestamp(now()));
INSERT INTO comments_by_author (user_name, song_name, comment, comment_time) VALUES ('detonatorcolossal', 'Song19', '...', toTimestamp(now()));
INSERT INTO comments (user_name, song_name, comment, comment_time) VALUES ('tantalumsairey', 'Song5', '...', toTimestamp(now()));
INSERT INTO comments_by_author (user_name, song_name, comment, comment_time) VALUES ('tantalumsairey', 'Song5', '...', toTimestamp(now()));
INSERT INTO comments (user_name, song_name, comment, comment_time) VALUES ('monasterysave', 'Song2', '...', toTimestamp(now()));
INSERT INTO comments_by_author (user_name, song_name, comment, comment_time) VALUES ('monasterysave', 'Song2', '...', toTimestamp(now()));
INSERT INTO comments (user_name, song_name, comment, comment_time) VALUES ('lavaranging', 'Song24', '...', toTimestamp(now()));
INSERT INTO comments_by_author (user_name, song_name, comment, comment_time) VALUES ('lavaranging', 'Song24', '...', toTimestamp(now()));
INSERT INTO comments (user_name, song_name, comment, comment_time) VALUES ('fonttyler', 'Song10', '...', toTimestamp(now()));
INSERT INTO comments_by_author (user_name, song_name, comment, comment_time) VALUES ('fonttyler', 'Song10', '...', toTimestamp(now()));
INSERT INTO comments (user_name, song_name, comment, comment_time) VALUES ('challengeinsurance', 'Song23', '...', toTimestamp(now()));
INSERT INTO comments_by_author (user_name, song_name, comment, comment_time) VALUES ('challengeinsurance', 'Song23', '...', toTimestamp(now()));
INSERT INTO comments (user_name, song_name, comment, comment_time) VALUES ('spashedunseeing', 'Song13', '...', toTimestamp(now()));
INSERT INTO comments_by_author (user_name, song_name, comment, comment_time) VALUES ('spashedunseeing', 'Song13', '...', toTimestamp(now()));
INSERT INTO comments (user_name, song_name, comment, comment_time) VALUES ('evremondelucero', 'Song13', '...', toTimestamp(now()));
INSERT INTO comments_by_author (user_name, song_name, comment, comment_time) VALUES ('evremondelucero', 'Song13', '...', toTimestamp(now()));
INSERT INTO comments (user_name, song_name, comment, comment_time) VALUES ('helenaproject', 'Song4', '...', toTimestamp(now()));
INSERT INTO comments_by_author (user_name, song_name, comment, comment_time) VALUES ('helenaproject', 'Song4', '...', toTimestamp(now()));
INSERT INTO comments (user_name, song_name, comment, comment_time) VALUES ('defeatedringed', 'Song1', '...', toTimestamp(now()));
INSERT INTO comments_by_author (user_name, song_name, comment, comment_time) VALUES ('defeatedringed', 'Song1', '...', toTimestamp(now()));
INSERT INTO comments (user_name, song_name, comment, comment_time) VALUES ('deservinglevitate', 'Song15', '...', toTimestamp(now()));
INSERT INTO comments_by_author (user_name, song_name, comment, comment_time) VALUES ('deservinglevitate', 'Song15', '...', toTimestamp(now()));
INSERT INTO comments (user_name, song_name, comment, comment_time) VALUES ('tantalumsairey', 'Song12', '...', toTimestamp(now()));
INSERT INTO comments_by_author (user_name, song_name, comment, comment_time) VALUES ('tantalumsairey', 'Song12', '...', toTimestamp(now()));
INSERT INTO comments (user_name, song_name, comment, comment_time) VALUES ('monasterysave', 'Song20', '...', toTimestamp(now()));
INSERT INTO comments_by_author (user_name, song_name, comment, comment_time) VALUES ('monasterysave', 'Song20', '...', toTimestamp(now()));
INSERT INTO comments (user_name, song_name, comment, comment_time) VALUES ('burnsexam', 'Song5', '...', toTimestamp(now()));
INSERT INTO comments_by_author (user_name, song_name, comment, comment_time) VALUES ('burnsexam', 'Song5', '...', toTimestamp(now()));
INSERT INTO comments (user_name, song_name, comment, comment_time) VALUES ('deservinglevitate', 'Song19', '...', toTimestamp(now()));
INSERT INTO comments_by_author (user_name, song_name, comment, comment_time) VALUES ('deservinglevitate', 'Song19', '...', toTimestamp(now()));
INSERT INTO comments (user_name, song_name, comment, comment_time) VALUES ('defeatedringed', 'Song14', '...', toTimestamp(now()));
INSERT INTO comments_by_author (user_name, song_name, comment, comment_time) VALUES ('defeatedringed', 'Song14', '...', toTimestamp(now()));
INSERT INTO comments (user_name, song_name, comment, comment_time) VALUES ('breamishcarrion', 'Song3', '...', toTimestamp(now()));
INSERT INTO comments_by_author (user_name, song_name, comment, comment_time) VALUES ('breamishcarrion', 'Song3', '...', toTimestamp(now()));
INSERT INTO comments (user_name, song_name, comment, comment_time) VALUES ('pretzelswanny', 'Song29', '...', toTimestamp(now()));
INSERT INTO comments_by_author (user_name, song_name, comment, comment_time) VALUES ('pretzelswanny', 'Song29', '...', toTimestamp(now()));


INSERT INTO song_rating_by_user (user_name, song_name, rating) VALUES ('cuddlealkali', 'Song18', 8);
INSERT INTO song_rating_by_rating (user_name, song_name, rating) VALUES ('cuddlealkali', 'Song18', 8);
INSERT INTO song_rating_by_user (user_name, song_name, rating) VALUES ('pretzelswanny', 'Song8', 5);
INSERT INTO song_rating_by_rating (user_name, song_name, rating) VALUES ('pretzelswanny', 'Song8', 5);
INSERT INTO song_rating_by_user (user_name, song_name, rating) VALUES ('electiondressage', 'Song17', 6);
INSERT INTO song_rating_by_rating (user_name, song_name, rating) VALUES ('electiondressage', 'Song17', 6);
INSERT INTO song_rating_by_user (user_name, song_name, rating) VALUES ('pumicepajamas', 'Song4', 6);
INSERT INTO song_rating_by_rating (user_name, song_name, rating) VALUES ('pumicepajamas', 'Song4', 6);
INSERT INTO song_rating_by_user (user_name, song_name, rating) VALUES ('pidgerdoleritebackbonedrhyme', 'Song19', 4);
INSERT INTO song_rating_by_rating (user_name, song_name, rating) VALUES ('pidgerdoleritebackbonedrhyme', 'Song19', 4);
INSERT INTO song_rating_by_user (user_name, song_name, rating) VALUES ('helenaproject', 'Song6', 3);
INSERT INTO song_rating_by_rating (user_name, song_name, rating) VALUES ('helenaproject', 'Song6', 3);
INSERT INTO song_rating_by_user (user_name, song_name, rating) VALUES ('uncingbawd', 'Song9', 2);
INSERT INTO song_rating_by_rating (user_name, song_name, rating) VALUES ('uncingbawd', 'Song9', 2);
INSERT INTO song_rating_by_user (user_name, song_name, rating) VALUES ('snookerrostipopinjayamelio', 'Song27', 7);
INSERT INTO song_rating_by_rating (user_name, song_name, rating) VALUES ('snookerrostipopinjayamelio', 'Song27', 7);
INSERT INTO song_rating_by_user (user_name, song_name, rating) VALUES ('premisescountrycleftroad', 'Song26', 3);
INSERT INTO song_rating_by_rating (user_name, song_name, rating) VALUES ('premisescountrycleftroad', 'Song26', 3);
INSERT INTO song_rating_by_user (user_name, song_name, rating) VALUES ('pretzelswanny', 'Song17', 4);
INSERT INTO song_rating_by_rating (user_name, song_name, rating) VALUES ('pretzelswanny', 'Song17', 4);
INSERT INTO song_rating_by_user (user_name, song_name, rating) VALUES ('fonttyler', 'Song23', 6);
INSERT INTO song_rating_by_rating (user_name, song_name, rating) VALUES ('fonttyler', 'Song23', 6);
INSERT INTO song_rating_by_user (user_name, song_name, rating) VALUES ('detonatorcolossal', 'Song16', 9);
INSERT INTO song_rating_by_rating (user_name, song_name, rating) VALUES ('detonatorcolossal', 'Song16', 9);
INSERT INTO song_rating_by_user (user_name, song_name, rating) VALUES ('evremondelucero', 'Song29', 4);
INSERT INTO song_rating_by_rating (user_name, song_name, rating) VALUES ('evremondelucero', 'Song29', 4);
INSERT INTO song_rating_by_user (user_name, song_name, rating) VALUES ('overtlyelf', 'Song0', 8);
INSERT INTO song_rating_by_rating (user_name, song_name, rating) VALUES ('overtlyelf', 'Song0', 8);
INSERT INTO song_rating_by_user (user_name, song_name, rating) VALUES ('gapingdad', 'Song27', 7);
INSERT INTO song_rating_by_rating (user_name, song_name, rating) VALUES ('gapingdad', 'Song27', 7);
INSERT INTO song_rating_by_user (user_name, song_name, rating) VALUES ('electiondressage', 'Song29', 8);
INSERT INTO song_rating_by_rating (user_name, song_name, rating) VALUES ('electiondressage', 'Song29', 8);
INSERT INTO song_rating_by_user (user_name, song_name, rating) VALUES ('championfilibuster', 'Song3', 7);
INSERT INTO song_rating_by_rating (user_name, song_name, rating) VALUES ('championfilibuster', 'Song3', 7);
INSERT INTO song_rating_by_user (user_name, song_name, rating) VALUES ('gapingdad', 'Song8', 7);
INSERT INTO song_rating_by_rating (user_name, song_name, rating) VALUES ('gapingdad', 'Song8', 7);
INSERT INTO song_rating_by_user (user_name, song_name, rating) VALUES ('challengeinsurance', 'Song7', 2);
INSERT INTO song_rating_by_rating (user_name, song_name, rating) VALUES ('challengeinsurance', 'Song7', 2);
INSERT INTO song_rating_by_user (user_name, song_name, rating) VALUES ('fonttyler', 'Song15', 8);
INSERT INTO song_rating_by_rating (user_name, song_name, rating) VALUES ('fonttyler', 'Song15', 8);
INSERT INTO song_rating_by_user (user_name, song_name, rating) VALUES ('lavaranging', 'Song11', 5);
INSERT INTO song_rating_by_rating (user_name, song_name, rating) VALUES ('lavaranging', 'Song11', 5);
INSERT INTO song_rating_by_user (user_name, song_name, rating) VALUES ('championfilibuster', 'Song1', 1);
INSERT INTO song_rating_by_rating (user_name, song_name, rating) VALUES ('championfilibuster', 'Song1', 1);
INSERT INTO song_rating_by_user (user_name, song_name, rating) VALUES ('snookerrostipopinjayamelio', 'Song16', 5);
INSERT INTO song_rating_by_rating (user_name, song_name, rating) VALUES ('snookerrostipopinjayamelio', 'Song16', 5);
INSERT INTO song_rating_by_user (user_name, song_name, rating) VALUES ('lavaranging', 'Song10', 5);
INSERT INTO song_rating_by_rating (user_name, song_name, rating) VALUES ('lavaranging', 'Song10', 5);
INSERT INTO song_rating_by_user (user_name, song_name, rating) VALUES ('uncingbawd', 'Song11', 9);
INSERT INTO song_rating_by_rating (user_name, song_name, rating) VALUES ('uncingbawd', 'Song11', 9);
INSERT INTO song_rating_by_user (user_name, song_name, rating) VALUES ('wingedmahjong', 'Song25', 8);
INSERT INTO song_rating_by_rating (user_name, song_name, rating) VALUES ('wingedmahjong', 'Song25', 8);
INSERT INTO song_rating_by_user (user_name, song_name, rating) VALUES ('helenaproject', 'Song6', 2);
INSERT INTO song_rating_by_rating (user_name, song_name, rating) VALUES ('helenaproject', 'Song6', 2);
INSERT INTO song_rating_by_user (user_name, song_name, rating) VALUES ('tantalumsairey', 'Song24', 3);
INSERT INTO song_rating_by_rating (user_name, song_name, rating) VALUES ('tantalumsairey', 'Song24', 3);
INSERT INTO song_rating_by_user (user_name, song_name, rating) VALUES ('wingedmahjong', 'Song1', 4);
INSERT INTO song_rating_by_rating (user_name, song_name, rating) VALUES ('wingedmahjong', 'Song1', 4);
INSERT INTO song_rating_by_user (user_name, song_name, rating) VALUES ('pidgerdoleritebackbonedrhyme', 'Song23', 5);
INSERT INTO song_rating_by_rating (user_name, song_name, rating) VALUES ('pidgerdoleritebackbonedrhyme', 'Song23', 5);
INSERT INTO song_rating_by_user (user_name, song_name, rating) VALUES ('uncingbawd', 'Song26', 1);
INSERT INTO song_rating_by_rating (user_name, song_name, rating) VALUES ('uncingbawd', 'Song26', 1);
INSERT INTO song_rating_by_user (user_name, song_name, rating) VALUES ('pidgerdoleritebackbonedrhyme', 'Song13', 9);
INSERT INTO song_rating_by_rating (user_name, song_name, rating) VALUES ('pidgerdoleritebackbonedrhyme', 'Song13', 9);
INSERT INTO song_rating_by_user (user_name, song_name, rating) VALUES ('lavaranging', 'Song15', 2);
INSERT INTO song_rating_by_rating (user_name, song_name, rating) VALUES ('lavaranging', 'Song15', 2);
INSERT INTO song_rating_by_user (user_name, song_name, rating) VALUES ('helenaproject', 'Song4', 1);
INSERT INTO song_rating_by_rating (user_name, song_name, rating) VALUES ('helenaproject', 'Song4', 1);
INSERT INTO song_rating_by_user (user_name, song_name, rating) VALUES ('lavaranging', 'Song2', 4);
INSERT INTO song_rating_by_rating (user_name, song_name, rating) VALUES ('lavaranging', 'Song2', 4);
INSERT INTO song_rating_by_user (user_name, song_name, rating) VALUES ('snookerrostipopinjayamelio', 'Song10', 4);
INSERT INTO song_rating_by_rating (user_name, song_name, rating) VALUES ('snookerrostipopinjayamelio', 'Song10', 4);
INSERT INTO song_rating_by_user (user_name, song_name, rating) VALUES ('defeatedringed', 'Song25', 7);
INSERT INTO song_rating_by_rating (user_name, song_name, rating) VALUES ('defeatedringed', 'Song25', 7);
INSERT INTO song_rating_by_user (user_name, song_name, rating) VALUES ('championfilibuster', 'Song28', 1);
INSERT INTO song_rating_by_rating (user_name, song_name, rating) VALUES ('championfilibuster', 'Song28', 1);
INSERT INTO song_rating_by_user (user_name, song_name, rating) VALUES ('fonttyler', 'Song20', 9);
INSERT INTO song_rating_by_rating (user_name, song_name, rating) VALUES ('fonttyler', 'Song20', 9);
INSERT INTO song_rating_by_user (user_name, song_name, rating) VALUES ('wingedmahjong', 'Song19', 4);
INSERT INTO song_rating_by_rating (user_name, song_name, rating) VALUES ('wingedmahjong', 'Song19', 4);
INSERT INTO song_rating_by_user (user_name, song_name, rating) VALUES ('premisescountrycleftroad', 'Song2', 4);
INSERT INTO song_rating_by_rating (user_name, song_name, rating) VALUES ('premisescountrycleftroad', 'Song2', 4);
INSERT INTO song_rating_by_user (user_name, song_name, rating) VALUES ('spashedunseeing', 'Song27', 2);
INSERT INTO song_rating_by_rating (user_name, song_name, rating) VALUES ('spashedunseeing', 'Song27', 2);
INSERT INTO song_rating_by_user (user_name, song_name, rating) VALUES ('overtlyelf', 'Song27', 6);
INSERT INTO song_rating_by_rating (user_name, song_name, rating) VALUES ('overtlyelf', 'Song27', 6);
INSERT INTO song_rating_by_user (user_name, song_name, rating) VALUES ('helenaproject', 'Song17', 10);
INSERT INTO song_rating_by_rating (user_name, song_name, rating) VALUES ('helenaproject', 'Song17', 10);
INSERT INTO song_rating_by_user (user_name, song_name, rating) VALUES ('premisescountrycleftroad', 'Song20', 5);
INSERT INTO song_rating_by_rating (user_name, song_name, rating) VALUES ('premisescountrycleftroad', 'Song20', 5);
INSERT INTO song_rating_by_user (user_name, song_name, rating) VALUES ('gapingdad', 'Song16', 9);
INSERT INTO song_rating_by_rating (user_name, song_name, rating) VALUES ('gapingdad', 'Song16', 9);
INSERT INTO song_rating_by_user (user_name, song_name, rating) VALUES ('egyptianfiddley', 'Song2', 3);
INSERT INTO song_rating_by_rating (user_name, song_name, rating) VALUES ('egyptianfiddley', 'Song2', 3);
INSERT INTO song_rating_by_user (user_name, song_name, rating) VALUES ('cuddlealkali', 'Song0', 2);
INSERT INTO song_rating_by_rating (user_name, song_name, rating) VALUES ('cuddlealkali', 'Song0', 2);
INSERT INTO song_rating_by_user (user_name, song_name, rating) VALUES ('premisescountrycleftroad', 'Song5', 5);
INSERT INTO song_rating_by_rating (user_name, song_name, rating) VALUES ('premisescountrycleftroad', 'Song5', 5);
INSERT INTO song_rating_by_user (user_name, song_name, rating) VALUES ('pretzelswanny', 'Song10', 4);
INSERT INTO song_rating_by_rating (user_name, song_name, rating) VALUES ('pretzelswanny', 'Song10', 4);
