use movies;


INSERT INTO users (username, name, email) VALUES ('uncingbawd', 'uncingbawd', 'uncingbawd@mail.com');
INSERT INTO users (username, name, email) VALUES ('monasterysave', 'monasterysave', 'monasterysave@mail.com');
INSERT INTO users (username, name, email) VALUES ('fonttyler', 'fonttyler', 'fonttyler@mail.com');
INSERT INTO users (username, name, email) VALUES ('breamishcarrion', 'breamishcarrion', 'breamishcarrion@mail.com');
INSERT INTO users (username, name, email) VALUES ('evremondelucero', 'evremondelucero', 'evremondelucero@mail.com');
INSERT INTO users (username, name, email) VALUES ('helenaproject', 'helenaproject', 'helenaproject@mail.com');
INSERT INTO users (username, name, email) VALUES ('pumicepajamas', 'pumicepajamas', 'pumicepajamas@mail.com');
INSERT INTO users (username, name, email) VALUES ('tantalumsairey', 'tantalumsairey', 'tantalumsairey@mail.com');
INSERT INTO users (username, name, email) VALUES ('snookerrostipopinjayamelio', 'snookerrostipopinjayamelio', 'snookerrostipopinjayamelio@mail.com');
INSERT INTO users (username, name, email) VALUES ('detonatorcolossal', 'detonatorcolossal', 'detonatorcolossal@mail.com');
INSERT INTO users (username, name, email) VALUES ('defeatedringed', 'defeatedringed', 'defeatedringed@mail.com');
INSERT INTO users (username, name, email) VALUES ('pretzelswanny', 'pretzelswanny', 'pretzelswanny@mail.com');
INSERT INTO users (username, name, email) VALUES ('deservinglevitate', 'deservinglevitate', 'deservinglevitate@mail.com');
INSERT INTO users (username, name, email) VALUES ('spashedunseeing', 'spashedunseeing', 'spashedunseeing@mail.com');
INSERT INTO users (username, name, email) VALUES ('lavaranging', 'lavaranging', 'lavaranging@mail.com');
INSERT INTO users (username, name, email) VALUES ('championfilibuster', 'championfilibuster', 'championfilibuster@mail.com');
INSERT INTO users (username, name, email) VALUES ('gapingdad', 'gapingdad', 'gapingdad@mail.com');
INSERT INTO users (username, name, email) VALUES ('challengeinsurance', 'challengeinsurance', 'challengeinsurance@mail.com');
INSERT INTO users (username, name, email) VALUES ('cuddlealkali', 'cuddlealkali', 'cuddlealkali@mail.com');
INSERT INTO users (username, name, email) VALUES ('wingedmahjong', 'wingedmahjong', 'wingedmahjong@mail.com');
INSERT INTO users (username, name, email) VALUES ('pidgerdoleritebackbonedrhyme', 'pidgerdoleritebackbonedrhyme', 'pidgerdoleritebackbonedrhyme@mail.com');
INSERT INTO users (username, name, email) VALUES ('egyptianfiddley', 'egyptianfiddley', 'egyptianfiddley@mail.com');
INSERT INTO users (username, name, email) VALUES ('warwickshireshadiness', 'warwickshireshadiness', 'warwickshireshadiness@mail.com');
INSERT INTO users (username, name, email) VALUES ('burnsexam', 'burnsexam', 'burnsexam@mail.com');
INSERT INTO users (username, name, email) VALUES ('electiondressage', 'electiondressage', 'electiondressage@mail.com');
INSERT INTO users (username, name, email) VALUES ('premisescountrycleftroad', 'premisescountrycleftroad', 'premisescountrycleftroad@mail.com');
INSERT INTO users (username, name, email) VALUES ('overtlyelf', 'overtlyelf', 'overtlyelf@mail.com');
INSERT INTO users (username, name, email) VALUES ('overtlyelfa', 'overtlyelfa', 'overtlyelf@mail.com');


INSERT INTO videos (name, shared_by, tags, followers, ratings, upload_time) VALUES ('Movie0', 'detonatorcolossal', {'action', 'history'}, {'evremondelucero', 'deservinglevitate', 'gapingdad', 'helenaproject'}, [4, 6, 7, 8, 9], toTimestamp(now()));
INSERT INTO videos (name, shared_by, tags, followers, ratings, upload_time) VALUES ('Movie1', 'breamishcarrion', {'history', 'fiction', 'comedy'}, {'pumicepajamas', 'electiondressage', 'cuddlealkali', 'helenaproject'}, [1, 5, 7], toTimestamp(now()));
INSERT INTO videos (name, shared_by, tags, followers, ratings, upload_time) VALUES ('Movie2', 'pumicepajamas', {'thriller', 'fiction'}, {'fonttyler', 'challengeinsurance', 'pretzelswanny'}, [8, 1, 3, 5], toTimestamp(now()));
INSERT INTO videos (name, shared_by, tags, followers, ratings, upload_time) VALUES ('Movie3', 'tantalumsairey', {'romance', 'fiction'}, {'pidgerdoleritebackbonedrhyme', 'pumicepajamas', 'monasterysave', 'overtlyelf'}, [1, 4, 7, 9, 10], toTimestamp(now()));
INSERT INTO videos (name, shared_by, tags, followers, ratings, upload_time) VALUES ('Movie4', 'deservinglevitate', {'romance', 'fiction'}, {'gapingdad', 'cuddlealkali', 'burnsexam'}, [1, 2, 3, 6, 9], toTimestamp(now()));
INSERT INTO videos (name, shared_by, tags, followers, ratings, upload_time) VALUES ('Movie5', 'egyptianfiddley', {'action', 'fiction'}, {'gapingdad', 'detonatorcolossal', 'electiondressage', 'lavaranging'}, [3, 5, 6, 7, 8], toTimestamp(now()));
INSERT INTO videos (name, shared_by, tags, followers, ratings, upload_time) VALUES ('Movie6', 'pidgerdoleritebackbonedrhyme', {'thriller', 'fiction'}, {'challengeinsurance', 'detonatorcolossal', 'spashedunseeing', 'pumicepajamas'}, [4, 5, 6, 7, 8], toTimestamp(now()));
INSERT INTO videos (name, shared_by, tags, followers, ratings, upload_time) VALUES ('Movie7', 'spashedunseeing', {'drama', 'history', 'fiction'}, {'spashedunseeing', 'uncingbawd', 'egyptianfiddley', 'overtlyelf', 'burnsexam'}, [1, 4, 6, 7, 8], toTimestamp(now()));
INSERT INTO videos (name, shared_by, tags, followers, ratings, upload_time) VALUES ('Movie8', 'cuddlealkali', {'romance', 'thriller', 'comedy'}, {'pidgerdoleritebackbonedrhyme', 'egyptianfiddley', 'electiondressage', 'premisescountrycleftroad'}, [1, 3, 5, 7, 8], toTimestamp(now()));
INSERT INTO videos (name, shared_by, tags, followers, ratings, upload_time) VALUES ('Movie9', 'evremondelucero', {'romance', 'drama', 'action'}, {'championfilibuster', 'breamishcarrion', 'premisescountrycleftroad', 'lavaranging', 'burnsexam'}, [9, 10, 4, 6], toTimestamp(now()));
INSERT INTO videos (name, shared_by, tags, followers, ratings, upload_time) VALUES ('Movie10', 'cuddlealkali', {'romance', 'thriller', 'fiction'}, {'lavaranging', 'fonttyler', 'gapingdad', 'warwickshireshadiness', 'detonatorcolossal'}, [2, 3, 4, 6], toTimestamp(now()));
INSERT INTO videos (name, shared_by, tags, followers, ratings, upload_time) VALUES ('Movie11', 'warwickshireshadiness', {'romance', 'drama', 'history'}, {'pretzelswanny', 'defeatedringed', 'pumicepajamas', 'warwickshireshadiness'}, [1, 3, 5, 7], toTimestamp(now()));
INSERT INTO videos (name, shared_by, tags, followers, ratings, upload_time) VALUES ('Movie12', 'deservinglevitate', {'romance', 'thriller', 'drama'}, {'pidgerdoleritebackbonedrhyme', 'deservinglevitate', 'evremondelucero', 'pumicepajamas', 'burnsexam'}, [8, 1, 3, 5], toTimestamp(now()));
INSERT INTO videos (name, shared_by, tags, followers, ratings, upload_time) VALUES ('Movie13', 'uncingbawd', {'romance', 'drama', 'history'}, {'evremondelucero', 'championfilibuster', 'premisescountrycleftroad', 'wingedmahjong', 'pretzelswanny'}, [2, 4, 6, 7], toTimestamp(now()));
INSERT INTO videos (name, shared_by, tags, followers, ratings, upload_time) VALUES ('Movie14', 'premisescountrycleftroad', {'romance', 'fiction'}, {'fonttyler', 'electiondressage', 'premisescountrycleftroad', 'helenaproject'}, [4, 6, 7], toTimestamp(now()));
INSERT INTO videos (name, shared_by, tags, followers, ratings, upload_time) VALUES ('Movie15', 'championfilibuster', {'drama', 'fiction'}, {'defeatedringed', 'detonatorcolossal', 'premisescountrycleftroad', 'uncingbawd'}, [8, 1, 2, 6], toTimestamp(now()));
INSERT INTO videos (name, shared_by, tags, followers, ratings, upload_time) VALUES ('Movie16', 'challengeinsurance', {'romance', 'drama'}, {'evremondelucero', 'championfilibuster', 'electiondressage', 'gapingdad', 'helenaproject'}, [8, 3, 4], toTimestamp(now()));
INSERT INTO videos (name, shared_by, tags, followers, ratings, upload_time) VALUES ('Movie17', 'overtlyelf', {'romance', 'drama', 'comedy'}, {'evremondelucero', 'defeatedringed', 'detonatorcolossal', 'pumicepajamas', 'burnsexam'}, [1, 10, 4, 7], toTimestamp(now()));
INSERT INTO videos (name, shared_by, tags, followers, ratings, upload_time) VALUES ('Movie18', 'wingedmahjong', {'action', 'comedy'}, {'deservinglevitate', 'defeatedringed', 'championfilibuster', 'wingedmahjong', 'fonttyler'}, [2, 3, 6], toTimestamp(now()));
INSERT INTO videos (name, shared_by, tags, followers, ratings, upload_time) VALUES ('Movie19', 'premisescountrycleftroad', {'action', 'history'}, {'spashedunseeing', 'uncingbawd', 'cuddlealkali', 'egyptianfiddley', 'challengeinsurance'}, [8, 10, 4, 7], toTimestamp(now()));
INSERT INTO videos (name, shared_by, tags, followers, ratings, upload_time) VALUES ('Movie20', 'cuddlealkali', {'romance', 'thriller', 'history'}, {'wingedmahjong', 'electiondressage', 'cuddlealkali', 'helenaproject'}, [1, 4, 6, 7], toTimestamp(now()));
INSERT INTO videos (name, shared_by, tags, followers, ratings, upload_time) VALUES ('Movie21', 'breamishcarrion', {'action', 'history', 'fiction'}, {'gapingdad', 'detonatorcolossal', 'electiondressage'}, [1, 10, 5, 7], toTimestamp(now()));
INSERT INTO videos (name, shared_by, tags, followers, ratings, upload_time) VALUES ('Movie22', 'gapingdad', {'action', 'comedy'}, {'evremondelucero', 'championfilibuster', 'deservinglevitate', 'detonatorcolossal', 'overtlyelf'}, [1, 3, 9], toTimestamp(now()));
INSERT INTO videos (name, shared_by, tags, followers, ratings, upload_time) VALUES ('Movie23', 'electiondressage', {'romance', 'thriller'}, {'pidgerdoleritebackbonedrhyme', 'tantalumsairey', 'pumicepajamas', 'challengeinsurance', 'burnsexam'}, [1, 10, 4], toTimestamp(now()));
INSERT INTO videos (name, shared_by, tags, followers, ratings, upload_time) VALUES ('Movie24', 'fonttyler', {'romance', 'fiction', 'comedy'}, {'fonttyler', 'pretzelswanny', 'overtlyelf', 'wingedmahjong'}, [9, 2, 5, 6], toTimestamp(now()));
INSERT INTO videos (name, shared_by, tags, followers, ratings, upload_time) VALUES ('Movie25', 'evremondelucero', {'romance', 'drama', 'action'}, {'defeatedringed', 'lavaranging', 'gapingdad', 'warwickshireshadiness', 'pumicepajamas'}, [8, 3, 4], toTimestamp(now()));
INSERT INTO videos (name, shared_by, tags, followers, ratings, upload_time) VALUES ('Movie26', 'breamishcarrion', {'fiction', 'comedy'}, {'championfilibuster', 'pretzelswanny', 'pumicepajamas', 'challengeinsurance', 'overtlyelf'}, [4, 5, 8, 9, 10], toTimestamp(now()));
INSERT INTO videos (name, shared_by, tags, followers, ratings, upload_time) VALUES ('Movie27', 'fonttyler', {'thriller', 'action', 'history'}, {'deservinglevitate', 'challengeinsurance', 'monasterysave', 'detonatorcolossal'}, [3, 4, 5, 7, 10], toTimestamp(now()));
INSERT INTO videos (name, shared_by, tags, followers, ratings, upload_time) VALUES ('Movie28', 'challengeinsurance', {'thriller', 'history'}, {'warwickshireshadiness', 'detonatorcolossal', 'overtlyelf', 'wingedmahjong'}, [8, 2, 7], toTimestamp(now()));
INSERT INTO videos (name, shared_by, tags, followers, ratings, upload_time) VALUES ('Movie29', 'warwickshireshadiness', {'drama', 'history', 'comedy'}, {'challengeinsurance', 'spashedunseeing', 'premisescountrycleftroad', 'burnsexam'}, [2, 4, 5, 7], toTimestamp(now()));


INSERT INTO videos_shared_by (name, shared_by, tags, followers, ratings, upload_time) VALUES ('Movie0', 'detonatorcolossal', {'action', 'history'}, {'evremondelucero', 'deservinglevitate', 'gapingdad', 'helenaproject'}, [4, 6, 7, 8, 9], toTimestamp(now()));
INSERT INTO videos_shared_by (name, shared_by, tags, followers, ratings, upload_time) VALUES ('Movie1', 'breamishcarrion', {'history', 'fiction', 'comedy'}, {'pumicepajamas', 'electiondressage', 'cuddlealkali', 'helenaproject'}, [1, 5, 7], toTimestamp(now()));
INSERT INTO videos_shared_by (name, shared_by, tags, followers, ratings, upload_time) VALUES ('Movie2', 'pumicepajamas', {'thriller', 'fiction'}, {'fonttyler', 'challengeinsurance', 'pretzelswanny'}, [8, 1, 3, 5], toTimestamp(now()));
INSERT INTO videos_shared_by (name, shared_by, tags, followers, ratings, upload_time) VALUES ('Movie3', 'tantalumsairey', {'romance', 'fiction'}, {'pidgerdoleritebackbonedrhyme', 'pumicepajamas', 'monasterysave', 'overtlyelf'}, [1, 4, 7, 9, 10], toTimestamp(now()));
INSERT INTO videos_shared_by (name, shared_by, tags, followers, ratings, upload_time) VALUES ('Movie4', 'deservinglevitate', {'romance', 'fiction'}, {'gapingdad', 'cuddlealkali', 'burnsexam'}, [1, 2, 3, 6, 9], toTimestamp(now()));
INSERT INTO videos_shared_by (name, shared_by, tags, followers, ratings, upload_time) VALUES ('Movie5', 'egyptianfiddley', {'action', 'fiction'}, {'gapingdad', 'detonatorcolossal', 'electiondressage', 'lavaranging'}, [3, 5, 6, 7, 8], toTimestamp(now()));
INSERT INTO videos_shared_by (name, shared_by, tags, followers, ratings, upload_time) VALUES ('Movie6', 'pidgerdoleritebackbonedrhyme', {'thriller', 'fiction'}, {'challengeinsurance', 'detonatorcolossal', 'spashedunseeing', 'pumicepajamas'}, [4, 5, 6, 7, 8], toTimestamp(now()));
INSERT INTO videos_shared_by (name, shared_by, tags, followers, ratings, upload_time) VALUES ('Movie7', 'spashedunseeing', {'drama', 'history', 'fiction'}, {'spashedunseeing', 'uncingbawd', 'egyptianfiddley', 'overtlyelf', 'burnsexam'}, [1, 4, 6, 7, 8], toTimestamp(now()));
INSERT INTO videos_shared_by (name, shared_by, tags, followers, ratings, upload_time) VALUES ('Movie8', 'cuddlealkali', {'romance', 'thriller', 'comedy'}, {'pidgerdoleritebackbonedrhyme', 'egyptianfiddley', 'electiondressage', 'premisescountrycleftroad'}, [1, 3, 5, 7, 8], toTimestamp(now()));
INSERT INTO videos_shared_by (name, shared_by, tags, followers, ratings, upload_time) VALUES ('Movie9', 'evremondelucero', {'romance', 'drama', 'action'}, {'championfilibuster', 'breamishcarrion', 'premisescountrycleftroad', 'lavaranging', 'burnsexam'}, [9, 10, 4, 6], toTimestamp(now()));
INSERT INTO videos_shared_by (name, shared_by, tags, followers, ratings, upload_time) VALUES ('Movie10', 'cuddlealkali', {'romance', 'thriller', 'fiction'}, {'lavaranging', 'fonttyler', 'gapingdad', 'warwickshireshadiness', 'detonatorcolossal'}, [2, 3, 4, 6], toTimestamp(now()));
INSERT INTO videos_shared_by (name, shared_by, tags, followers, ratings, upload_time) VALUES ('Movie11', 'warwickshireshadiness', {'romance', 'drama', 'history'}, {'pretzelswanny', 'defeatedringed', 'pumicepajamas', 'warwickshireshadiness'}, [1, 3, 5, 7], toTimestamp(now()));
INSERT INTO videos_shared_by (name, shared_by, tags, followers, ratings, upload_time) VALUES ('Movie12', 'deservinglevitate', {'romance', 'thriller', 'drama'}, {'pidgerdoleritebackbonedrhyme', 'deservinglevitate', 'evremondelucero', 'pumicepajamas', 'burnsexam'}, [8, 1, 3, 5], toTimestamp(now()));
INSERT INTO videos_shared_by (name, shared_by, tags, followers, ratings, upload_time) VALUES ('Movie13', 'uncingbawd', {'romance', 'drama', 'history'}, {'evremondelucero', 'championfilibuster', 'premisescountrycleftroad', 'wingedmahjong', 'pretzelswanny'}, [2, 4, 6, 7], toTimestamp(now()));
INSERT INTO videos_shared_by (name, shared_by, tags, followers, ratings, upload_time) VALUES ('Movie14', 'premisescountrycleftroad', {'romance', 'fiction'}, {'fonttyler', 'electiondressage', 'premisescountrycleftroad', 'helenaproject'}, [4, 6, 7], toTimestamp(now()));
INSERT INTO videos_shared_by (name, shared_by, tags, followers, ratings, upload_time) VALUES ('Movie15', 'championfilibuster', {'drama', 'fiction'}, {'defeatedringed', 'detonatorcolossal', 'premisescountrycleftroad', 'uncingbawd'}, [8, 1, 2, 6], toTimestamp(now()));
INSERT INTO videos_shared_by (name, shared_by, tags, followers, ratings, upload_time) VALUES ('Movie16', 'challengeinsurance', {'romance', 'drama'}, {'evremondelucero', 'championfilibuster', 'electiondressage', 'gapingdad', 'helenaproject'}, [8, 3, 4], toTimestamp(now()));
INSERT INTO videos_shared_by (name, shared_by, tags, followers, ratings, upload_time) VALUES ('Movie17', 'overtlyelf', {'romance', 'drama', 'comedy'}, {'evremondelucero', 'defeatedringed', 'detonatorcolossal', 'pumicepajamas', 'burnsexam'}, [1, 10, 4, 7], toTimestamp(now()));
INSERT INTO videos_shared_by (name, shared_by, tags, followers, ratings, upload_time) VALUES ('Movie18', 'wingedmahjong', {'action', 'comedy'}, {'deservinglevitate', 'defeatedringed', 'championfilibuster', 'wingedmahjong', 'fonttyler'}, [2, 3, 6], toTimestamp(now()));
INSERT INTO videos_shared_by (name, shared_by, tags, followers, ratings, upload_time) VALUES ('Movie19', 'premisescountrycleftroad', {'action', 'history'}, {'spashedunseeing', 'uncingbawd', 'cuddlealkali', 'egyptianfiddley', 'challengeinsurance'}, [8, 10, 4, 7], toTimestamp(now()));
INSERT INTO videos_shared_by (name, shared_by, tags, followers, ratings, upload_time) VALUES ('Movie20', 'cuddlealkali', {'romance', 'thriller', 'history'}, {'wingedmahjong', 'electiondressage', 'cuddlealkali', 'helenaproject'}, [1, 4, 6, 7], toTimestamp(now()));
INSERT INTO videos_shared_by (name, shared_by, tags, followers, ratings, upload_time) VALUES ('Movie21', 'breamishcarrion', {'action', 'history', 'fiction'}, {'gapingdad', 'detonatorcolossal', 'electiondressage'}, [1, 10, 5, 7], toTimestamp(now()));
INSERT INTO videos_shared_by (name, shared_by, tags, followers, ratings, upload_time) VALUES ('Movie22', 'gapingdad', {'action', 'comedy'}, {'evremondelucero', 'championfilibuster', 'deservinglevitate', 'detonatorcolossal', 'overtlyelf'}, [1, 3, 9], toTimestamp(now()));
INSERT INTO videos_shared_by (name, shared_by, tags, followers, ratings, upload_time) VALUES ('Movie23', 'electiondressage', {'romance', 'thriller'}, {'pidgerdoleritebackbonedrhyme', 'tantalumsairey', 'pumicepajamas', 'challengeinsurance', 'burnsexam'}, [1, 10, 4], toTimestamp(now()));
INSERT INTO videos_shared_by (name, shared_by, tags, followers, ratings, upload_time) VALUES ('Movie24', 'fonttyler', {'romance', 'fiction', 'comedy'}, {'fonttyler', 'pretzelswanny', 'overtlyelf', 'wingedmahjong'}, [9, 2, 5, 6], toTimestamp(now()));
INSERT INTO videos_shared_by (name, shared_by, tags, followers, ratings, upload_time) VALUES ('Movie25', 'evremondelucero', {'romance', 'drama', 'action'}, {'defeatedringed', 'lavaranging', 'gapingdad', 'warwickshireshadiness', 'pumicepajamas'}, [8, 3, 4], toTimestamp(now()));
INSERT INTO videos_shared_by (name, shared_by, tags, followers, ratings, upload_time) VALUES ('Movie26', 'breamishcarrion', {'fiction', 'comedy'}, {'championfilibuster', 'pretzelswanny', 'pumicepajamas', 'challengeinsurance', 'overtlyelf'}, [4, 5, 8, 9, 10], toTimestamp(now()));
INSERT INTO videos_shared_by (name, shared_by, tags, followers, ratings, upload_time) VALUES ('Movie27', 'fonttyler', {'thriller', 'action', 'history'}, {'deservinglevitate', 'challengeinsurance', 'monasterysave', 'detonatorcolossal'}, [3, 4, 5, 7, 10], toTimestamp(now()));
INSERT INTO videos_shared_by (name, shared_by, tags, followers, ratings, upload_time) VALUES ('Movie28', 'challengeinsurance', {'thriller', 'history'}, {'warwickshireshadiness', 'detonatorcolossal', 'overtlyelf', 'wingedmahjong'}, [8, 2, 7], toTimestamp(now()));
INSERT INTO videos_shared_by (name, shared_by, tags, followers, ratings, upload_time) VALUES ('Movie29', 'warwickshireshadiness', {'drama', 'history', 'comedy'}, {'challengeinsurance', 'spashedunseeing', 'premisescountrycleftroad', 'burnsexam'}, [2, 4, 5, 7], toTimestamp(now()));


INSERT INTO comments (user_uname, video_name, comment, comment_time) VALUES ('egyptianfiddley', 'Movie23', '...', toTimestamp(now()));
INSERT INTO comments (user_uname, video_name, comment, comment_time) VALUES ('monasterysave', 'Movie27', '...', toTimestamp(now()));
INSERT INTO comments (user_uname, video_name, comment, comment_time) VALUES ('egyptianfiddley', 'Movie7', '...', toTimestamp(now()));
INSERT INTO comments (user_uname, video_name, comment, comment_time) VALUES ('cuddlealkali', 'Movie17', '...', toTimestamp(now()));
INSERT INTO comments (user_uname, video_name, comment, comment_time) VALUES ('pumicepajamas', 'Movie23', '...', toTimestamp(now()));
INSERT INTO comments (user_uname, video_name, comment, comment_time) VALUES ('spashedunseeing', 'Movie8', '...', toTimestamp(now()));
INSERT INTO comments (user_uname, video_name, comment, comment_time) VALUES ('tantalumsairey', 'Movie5', '...', toTimestamp(now()));
INSERT INTO comments (user_uname, video_name, comment, comment_time) VALUES ('tantalumsairey', 'Movie8', '...', toTimestamp(now()));
INSERT INTO comments (user_uname, video_name, comment, comment_time) VALUES ('egyptianfiddley', 'Movie10', '...', toTimestamp(now()));
INSERT INTO comments (user_uname, video_name, comment, comment_time) VALUES ('egyptianfiddley', 'Movie27', '...', toTimestamp(now()));
INSERT INTO comments (user_uname, video_name, comment, comment_time) VALUES ('spashedunseeing', 'Movie25', '...', toTimestamp(now()));
INSERT INTO comments (user_uname, video_name, comment, comment_time) VALUES ('pidgerdoleritebackbonedrhyme', 'Movie26', '...', toTimestamp(now()));
INSERT INTO comments (user_uname, video_name, comment, comment_time) VALUES ('detonatorcolossal', 'Movie7', '...', toTimestamp(now()));
INSERT INTO comments (user_uname, video_name, comment, comment_time) VALUES ('helenaproject', 'Movie10', '...', toTimestamp(now()));
INSERT INTO comments (user_uname, video_name, comment, comment_time) VALUES ('overtlyelf', 'Movie24', '...', toTimestamp(now()));
INSERT INTO comments (user_uname, video_name, comment, comment_time) VALUES ('egyptianfiddley', 'Movie7', '...', toTimestamp(now()));
INSERT INTO comments (user_uname, video_name, comment, comment_time) VALUES ('monasterysave', 'Movie19', '...', toTimestamp(now()));
INSERT INTO comments (user_uname, video_name, comment, comment_time) VALUES ('monasterysave', 'Movie8', '...', toTimestamp(now()));
INSERT INTO comments (user_uname, video_name, comment, comment_time) VALUES ('deservinglevitate', 'Movie27', '...', toTimestamp(now()));
INSERT INTO comments (user_uname, video_name, comment, comment_time) VALUES ('lavaranging', 'Movie16', '...', toTimestamp(now()));
INSERT INTO comments (user_uname, video_name, comment, comment_time) VALUES ('snookerrostipopinjayamelio', 'Movie6', '...', toTimestamp(now()));
INSERT INTO comments (user_uname, video_name, comment, comment_time) VALUES ('uncingbawd', 'Movie28', '...', toTimestamp(now()));
INSERT INTO comments (user_uname, video_name, comment, comment_time) VALUES ('uncingbawd', 'Movie10', '...', toTimestamp(now()));
INSERT INTO comments (user_uname, video_name, comment, comment_time) VALUES ('wingedmahjong', 'Movie28', '...', toTimestamp(now()));
INSERT INTO comments (user_uname, video_name, comment, comment_time) VALUES ('monasterysave', 'Movie0', '...', toTimestamp(now()));
INSERT INTO comments (user_uname, video_name, comment, comment_time) VALUES ('spashedunseeing', 'Movie9', '...', toTimestamp(now()));
INSERT INTO comments (user_uname, video_name, comment, comment_time) VALUES ('spashedunseeing', 'Movie3', '...', toTimestamp(now()));
INSERT INTO comments (user_uname, video_name, comment, comment_time) VALUES ('tantalumsairey', 'Movie0', '...', toTimestamp(now()));
INSERT INTO comments (user_uname, video_name, comment, comment_time) VALUES ('egyptianfiddley', 'Movie9', '...', toTimestamp(now()));
INSERT INTO comments (user_uname, video_name, comment, comment_time) VALUES ('fonttyler', 'Movie20', '...', toTimestamp(now()));
INSERT INTO comments (user_uname, video_name, comment, comment_time) VALUES ('defeatedringed', 'Movie24', '...', toTimestamp(now()));
INSERT INTO comments (user_uname, video_name, comment, comment_time) VALUES ('defeatedringed', 'Movie9', '...', toTimestamp(now()));
INSERT INTO comments (user_uname, video_name, comment, comment_time) VALUES ('warwickshireshadiness', 'Movie29', '...', toTimestamp(now()));
INSERT INTO comments (user_uname, video_name, comment, comment_time) VALUES ('spashedunseeing', 'Movie12', '...', toTimestamp(now()));
INSERT INTO comments (user_uname, video_name, comment, comment_time) VALUES ('championfilibuster', 'Movie16', '...', toTimestamp(now()));
INSERT INTO comments (user_uname, video_name, comment, comment_time) VALUES ('lavaranging', 'Movie23', '...', toTimestamp(now()));
INSERT INTO comments (user_uname, video_name, comment, comment_time) VALUES ('egyptianfiddley', 'Movie16', '...', toTimestamp(now()));
INSERT INTO comments (user_uname, video_name, comment, comment_time) VALUES ('fonttyler', 'Movie18', '...', toTimestamp(now()));
INSERT INTO comments (user_uname, video_name, comment, comment_time) VALUES ('spashedunseeing', 'Movie14', '...', toTimestamp(now()));
INSERT INTO comments (user_uname, video_name, comment, comment_time) VALUES ('wingedmahjong', 'Movie11', '...', toTimestamp(now()));
INSERT INTO comments (user_uname, video_name, comment, comment_time) VALUES ('evremondelucero', 'Movie13', '...', toTimestamp(now()));
INSERT INTO comments (user_uname, video_name, comment, comment_time) VALUES ('breamishcarrion', 'Movie0', '...', toTimestamp(now()));
INSERT INTO comments (user_uname, video_name, comment, comment_time) VALUES ('challengeinsurance', 'Movie8', '...', toTimestamp(now()));
INSERT INTO comments (user_uname, video_name, comment, comment_time) VALUES ('overtlyelf', 'Movie23', '...', toTimestamp(now()));
INSERT INTO comments (user_uname, video_name, comment, comment_time) VALUES ('helenaproject', 'Movie3', '...', toTimestamp(now()));
INSERT INTO comments (user_uname, video_name, comment, comment_time) VALUES ('defeatedringed', 'Movie26', '...', toTimestamp(now()));
INSERT INTO comments (user_uname, video_name, comment, comment_time) VALUES ('pidgerdoleritebackbonedrhyme', 'Movie27', '...', toTimestamp(now()));
INSERT INTO comments (user_uname, video_name, comment, comment_time) VALUES ('helenaproject', 'Movie19', '...', toTimestamp(now()));
INSERT INTO comments (user_uname, video_name, comment, comment_time) VALUES ('challengeinsurance', 'Movie16', '...', toTimestamp(now()));
INSERT INTO comments (user_uname, video_name, comment, comment_time) VALUES ('premisescountrycleftroad', 'Movie4', '...', toTimestamp(now()));

INSERT INTO comments_by_author (user_uname, video_name, comment, comment_time) VALUES ('egyptianfiddley', 'Movie23', '...', toTimestamp(now()));
INSERT INTO comments_by_author (user_uname, video_name, comment, comment_time) VALUES ('monasterysave', 'Movie27', '...', toTimestamp(now()));
INSERT INTO comments_by_author (user_uname, video_name, comment, comment_time) VALUES ('egyptianfiddley', 'Movie7', '...', toTimestamp(now()));
INSERT INTO comments_by_author (user_uname, video_name, comment, comment_time) VALUES ('cuddlealkali', 'Movie17', '...', toTimestamp(now()));
INSERT INTO comments_by_author (user_uname, video_name, comment, comment_time) VALUES ('pumicepajamas', 'Movie23', '...', toTimestamp(now()));
INSERT INTO comments_by_author (user_uname, video_name, comment, comment_time) VALUES ('spashedunseeing', 'Movie8', '...', toTimestamp(now()));
INSERT INTO comments_by_author (user_uname, video_name, comment, comment_time) VALUES ('tantalumsairey', 'Movie5', '...', toTimestamp(now()));
INSERT INTO comments_by_author (user_uname, video_name, comment, comment_time) VALUES ('tantalumsairey', 'Movie8', '...', toTimestamp(now()));
INSERT INTO comments_by_author (user_uname, video_name, comment, comment_time) VALUES ('egyptianfiddley', 'Movie10', '...', toTimestamp(now()));
INSERT INTO comments_by_author (user_uname, video_name, comment, comment_time) VALUES ('egyptianfiddley', 'Movie27', '...', toTimestamp(now()));
INSERT INTO comments_by_author (user_uname, video_name, comment, comment_time) VALUES ('spashedunseeing', 'Movie25', '...', toTimestamp(now()));
INSERT INTO comments_by_author (user_uname, video_name, comment, comment_time) VALUES ('pidgerdoleritebackbonedrhyme', 'Movie26', '...', toTimestamp(now()));
INSERT INTO comments_by_author (user_uname, video_name, comment, comment_time) VALUES ('detonatorcolossal', 'Movie7', '...', toTimestamp(now()));
INSERT INTO comments_by_author (user_uname, video_name, comment, comment_time) VALUES ('helenaproject', 'Movie10', '...', toTimestamp(now()));
INSERT INTO comments_by_author (user_uname, video_name, comment, comment_time) VALUES ('overtlyelf', 'Movie24', '...', toTimestamp(now()));
INSERT INTO comments_by_author (user_uname, video_name, comment, comment_time) VALUES ('egyptianfiddley', 'Movie7', '...', toTimestamp(now()));
INSERT INTO comments_by_author (user_uname, video_name, comment, comment_time) VALUES ('monasterysave', 'Movie19', '...', toTimestamp(now()));
INSERT INTO comments_by_author (user_uname, video_name, comment, comment_time) VALUES ('monasterysave', 'Movie8', '...', toTimestamp(now()));
INSERT INTO comments_by_author (user_uname, video_name, comment, comment_time) VALUES ('deservinglevitate', 'Movie27', '...', toTimestamp(now()));
INSERT INTO comments_by_author (user_uname, video_name, comment, comment_time) VALUES ('lavaranging', 'Movie16', '...', toTimestamp(now()));
INSERT INTO comments_by_author (user_uname, video_name, comment, comment_time) VALUES ('snookerrostipopinjayamelio', 'Movie6', '...', toTimestamp(now()));
INSERT INTO comments_by_author (user_uname, video_name, comment, comment_time) VALUES ('uncingbawd', 'Movie28', '...', toTimestamp(now()));
INSERT INTO comments_by_author (user_uname, video_name, comment, comment_time) VALUES ('uncingbawd', 'Movie10', '...', toTimestamp(now()));
INSERT INTO comments_by_author (user_uname, video_name, comment, comment_time) VALUES ('wingedmahjong', 'Movie28', '...', toTimestamp(now()));
INSERT INTO comments_by_author (user_uname, video_name, comment, comment_time) VALUES ('monasterysave', 'Movie0', '...', toTimestamp(now()));
INSERT INTO comments_by_author (user_uname, video_name, comment, comment_time) VALUES ('spashedunseeing', 'Movie9', '...', toTimestamp(now()));
INSERT INTO comments_by_author (user_uname, video_name, comment, comment_time) VALUES ('spashedunseeing', 'Movie3', '...', toTimestamp(now()));
INSERT INTO comments_by_author (user_uname, video_name, comment, comment_time) VALUES ('tantalumsairey', 'Movie0', '...', toTimestamp(now()));
INSERT INTO comments_by_author (user_uname, video_name, comment, comment_time) VALUES ('egyptianfiddley', 'Movie9', '...', toTimestamp(now()));
INSERT INTO comments_by_author (user_uname, video_name, comment, comment_time) VALUES ('fonttyler', 'Movie20', '...', toTimestamp(now()));
INSERT INTO comments_by_author (user_uname, video_name, comment, comment_time) VALUES ('defeatedringed', 'Movie24', '...', toTimestamp(now()));
INSERT INTO comments_by_author (user_uname, video_name, comment, comment_time) VALUES ('defeatedringed', 'Movie9', '...', toTimestamp(now()));
INSERT INTO comments_by_author (user_uname, video_name, comment, comment_time) VALUES ('warwickshireshadiness', 'Movie29', '...', toTimestamp(now()));
INSERT INTO comments_by_author (user_uname, video_name, comment, comment_time) VALUES ('spashedunseeing', 'Movie12', '...', toTimestamp(now()));
INSERT INTO comments_by_author (user_uname, video_name, comment, comment_time) VALUES ('championfilibuster', 'Movie16', '...', toTimestamp(now()));
INSERT INTO comments_by_author (user_uname, video_name, comment, comment_time) VALUES ('lavaranging', 'Movie23', '...', toTimestamp(now()));
INSERT INTO comments_by_author (user_uname, video_name, comment, comment_time) VALUES ('egyptianfiddley', 'Movie16', '...', toTimestamp(now()));
INSERT INTO comments_by_author (user_uname, video_name, comment, comment_time) VALUES ('fonttyler', 'Movie18', '...', toTimestamp(now()));
INSERT INTO comments_by_author (user_uname, video_name, comment, comment_time) VALUES ('spashedunseeing', 'Movie14', '...', toTimestamp(now()));
INSERT INTO comments_by_author (user_uname, video_name, comment, comment_time) VALUES ('wingedmahjong', 'Movie11', '...', toTimestamp(now()));
INSERT INTO comments_by_author (user_uname, video_name, comment, comment_time) VALUES ('evremondelucero', 'Movie13', '...', toTimestamp(now()));
INSERT INTO comments_by_author (user_uname, video_name, comment, comment_time) VALUES ('breamishcarrion', 'Movie0', '...', toTimestamp(now()));
INSERT INTO comments_by_author (user_uname, video_name, comment, comment_time) VALUES ('challengeinsurance', 'Movie8', '...', toTimestamp(now()));
INSERT INTO comments_by_author (user_uname, video_name, comment, comment_time) VALUES ('overtlyelf', 'Movie23', '...', toTimestamp(now()));
INSERT INTO comments_by_author (user_uname, video_name, comment, comment_time) VALUES ('helenaproject', 'Movie3', '...', toTimestamp(now()));
INSERT INTO comments_by_author (user_uname, video_name, comment, comment_time) VALUES ('defeatedringed', 'Movie26', '...', toTimestamp(now()));
INSERT INTO comments_by_author (user_uname, video_name, comment, comment_time) VALUES ('pidgerdoleritebackbonedrhyme', 'Movie27', '...', toTimestamp(now()));
INSERT INTO comments_by_author (user_uname, video_name, comment, comment_time) VALUES ('helenaproject', 'Movie19', '...', toTimestamp(now()));
INSERT INTO comments_by_author (user_uname, video_name, comment, comment_time) VALUES ('challengeinsurance', 'Movie16', '...', toTimestamp(now()));
INSERT INTO comments_by_author (user_uname, video_name, comment, comment_time) VALUES ('premisescountrycleftroad', 'Movie4', '...', toTimestamp(now()));


INSERT INTO user_video_action (user_uname, action_name, video_name, video_time) VALUES ('electiondressage', 'stop', 'Movie11', 592);
INSERT INTO user_video_action (user_uname, action_name, video_name, video_time) VALUES ('monasterysave', 'pause', 'Movie13', 206);
INSERT INTO user_video_action (user_uname, action_name, video_name, video_time) VALUES ('wingedmahjong', 'pause', 'Movie2', 449);
INSERT INTO user_video_action (user_uname, action_name, video_name, video_time) VALUES ('snookerrostipopinjayamelio', 'pause', 'Movie25', 138);
INSERT INTO user_video_action (user_uname, action_name, video_name, video_time) VALUES ('lavaranging', 'pause', 'Movie4', 9);
INSERT INTO user_video_action (user_uname, action_name, video_name, video_time) VALUES ('championfilibuster', 'play', 'Movie13', 309);
INSERT INTO user_video_action (user_uname, action_name, video_name, video_time) VALUES ('pumicepajamas', 'pause', 'Movie24', 271);
INSERT INTO user_video_action (user_uname, action_name, video_name, video_time) VALUES ('pretzelswanny', 'pause', 'Movie15', 6);
INSERT INTO user_video_action (user_uname, action_name, video_name, video_time) VALUES ('snookerrostipopinjayamelio', 'play', 'Movie14', 328);
INSERT INTO user_video_action (user_uname, action_name, video_name, video_time) VALUES ('deservinglevitate', 'stop', 'Movie23', 374);
INSERT INTO user_video_action (user_uname, action_name, video_name, video_time) VALUES ('detonatorcolossal', 'play', 'Movie19', 359);
INSERT INTO user_video_action (user_uname, action_name, video_name, video_time) VALUES ('pretzelswanny', 'play', 'Movie17', 363);
INSERT INTO user_video_action (user_uname, action_name, video_name, video_time) VALUES ('deservinglevitate', 'play', 'Movie12', 490);
INSERT INTO user_video_action (user_uname, action_name, video_name, video_time) VALUES ('defeatedringed', 'stop', 'Movie11', 45);
INSERT INTO user_video_action (user_uname, action_name, video_name, video_time) VALUES ('wingedmahjong', 'stop', 'Movie27', 293);
INSERT INTO user_video_action (user_uname, action_name, video_name, video_time) VALUES ('monasterysave', 'stop', 'Movie27', 189);
INSERT INTO user_video_action (user_uname, action_name, video_name, video_time) VALUES ('challengeinsurance', 'play', 'Movie19', 413);
INSERT INTO user_video_action (user_uname, action_name, video_name, video_time) VALUES ('snookerrostipopinjayamelio', 'pause', 'Movie5', 110);
INSERT INTO user_video_action (user_uname, action_name, video_name, video_time) VALUES ('challengeinsurance', 'stop', 'Movie4', 238);
INSERT INTO user_video_action (user_uname, action_name, video_name, video_time) VALUES ('championfilibuster', 'stop', 'Movie21', 106);
INSERT INTO user_video_action (user_uname, action_name, video_name, video_time) VALUES ('premisescountrycleftroad', 'stop', 'Movie5', 126);
INSERT INTO user_video_action (user_uname, action_name, video_name, video_time) VALUES ('monasterysave', 'play', 'Movie18', 279);
INSERT INTO user_video_action (user_uname, action_name, video_name, video_time) VALUES ('electiondressage', 'play', 'Movie14', 548);
INSERT INTO user_video_action (user_uname, action_name, video_name, video_time) VALUES ('fonttyler', 'pause', 'Movie22', 314);
INSERT INTO user_video_action (user_uname, action_name, video_name, video_time) VALUES ('premisescountrycleftroad', 'play', 'Movie14', 368);
INSERT INTO user_video_action (user_uname, action_name, video_name, video_time) VALUES ('pidgerdoleritebackbonedrhyme', 'pause', 'Movie0', 221);
INSERT INTO user_video_action (user_uname, action_name, video_name, video_time) VALUES ('overtlyelf', 'stop', 'Movie28', 511);
INSERT INTO user_video_action (user_uname, action_name, video_name, video_time) VALUES ('evremondelucero', 'play', 'Movie16', 586);
INSERT INTO user_video_action (user_uname, action_name, video_name, video_time) VALUES ('challengeinsurance', 'play', 'Movie9', 438);
INSERT INTO user_video_action (user_uname, action_name, video_name, video_time) VALUES ('uncingbawd', 'pause', 'Movie7', 30);
INSERT INTO user_video_action (user_uname, action_name, video_name, video_time) VALUES ('uncingbawd', 'pause', 'Movie17', 214);
INSERT INTO user_video_action (user_uname, action_name, video_name, video_time) VALUES ('egyptianfiddley', 'stop', 'Movie0', 331);
INSERT INTO user_video_action (user_uname, action_name, video_name, video_time) VALUES ('defeatedringed', 'stop', 'Movie5', 556);
INSERT INTO user_video_action (user_uname, action_name, video_name, video_time) VALUES ('pretzelswanny', 'pause', 'Movie25', 429);
INSERT INTO user_video_action (user_uname, action_name, video_name, video_time) VALUES ('evremondelucero', 'pause', 'Movie26', 528);
INSERT INTO user_video_action (user_uname, action_name, video_name, video_time) VALUES ('pretzelswanny', 'play', 'Movie14', 429);
INSERT INTO user_video_action (user_uname, action_name, video_name, video_time) VALUES ('premisescountrycleftroad', 'play', 'Movie23', 82);
INSERT INTO user_video_action (user_uname, action_name, video_name, video_time) VALUES ('spashedunseeing', 'play', 'Movie1', 172);
INSERT INTO user_video_action (user_uname, action_name, video_name, video_time) VALUES ('championfilibuster', 'pause', 'Movie12', 273);
INSERT INTO user_video_action (user_uname, action_name, video_name, video_time) VALUES ('overtlyelf', 'stop', 'Movie25', 188);
INSERT INTO user_video_action (user_uname, action_name, video_name, video_time) VALUES ('premisescountrycleftroad', 'play', 'Movie4', 569);
INSERT INTO user_video_action (user_uname, action_name, video_name, video_time) VALUES ('wingedmahjong', 'pause', 'Movie24', 151);
INSERT INTO user_video_action (user_uname, action_name, video_name, video_time) VALUES ('electiondressage', 'pause', 'Movie7', 140);
INSERT INTO user_video_action (user_uname, action_name, video_name, video_time) VALUES ('lavaranging', 'pause', 'Movie13', 515);
INSERT INTO user_video_action (user_uname, action_name, video_name, video_time) VALUES ('tantalumsairey', 'pause', 'Movie25', 493);
INSERT INTO user_video_action (user_uname, action_name, video_name, video_time) VALUES ('snookerrostipopinjayamelio', 'pause', 'Movie21', 147);
INSERT INTO user_video_action (user_uname, action_name, video_name, video_time) VALUES ('uncingbawd', 'pause', 'Movie0', 509);
INSERT INTO user_video_action (user_uname, action_name, video_name, video_time) VALUES ('tantalumsairey', 'pause', 'Movie8', 19);
INSERT INTO user_video_action (user_uname, action_name, video_name, video_time) VALUES ('detonatorcolossal', 'play', 'Movie11', 90);
INSERT INTO user_video_action (user_uname, action_name, video_name, video_time) VALUES ('lavaranging', 'stop', 'Movie25', 140);

INSERT INTO user_video_rating (video_name, user_uname, rating) VALUES ('Movie1', 'electiondressage', 5);
INSERT INTO user_video_rating (video_name, user_uname, rating) VALUES ('Movie1', 'detonatorcolossal', 6);
INSERT INTO user_video_rating (video_name, user_uname, rating) VALUES ('Movie1', 'lavaranging', 7);
INSERT INTO user_video_rating (video_name, user_uname, rating) VALUES ('Movie1', 'uncingbawd', 8);
INSERT INTO user_video_rating (video_name, user_uname, rating) VALUES ('Movie1', 'tantalumsairey', 9);

INSERT INTO video_rating (video_name, user_uname, rating) VALUES ('Movie1', 'electiondressage', 5);
INSERT INTO video_rating (video_name, user_uname, rating) VALUES ('Movie1', 'detonatorcolossal', 6);
INSERT INTO video_rating (video_name, user_uname, rating) VALUES ('Movie1', 'lavaranging', 7);
INSERT INTO video_rating (video_name, user_uname, rating) VALUES ('Movie1', 'uncingbawd', 8);
INSERT INTO video_rating (video_name, user_uname, rating) VALUES ('Movie1', 'tantalumsairey', 9);

INSERT INTO comments (user_uname, video_name, comment_time, comment) VALUES ('lavaranging', 'Movie3', toTimestamp(now()), '...');
INSERT INTO comments (user_uname, video_name, comment_time, comment) VALUES ('electiondressage', 'Movie3', toTimestamp(now()), '...');
INSERT INTO comments (user_uname, video_name, comment_time, comment) VALUES ('detonatorcolossal', 'Movie3', toTimestamp(now()), '...');
INSERT INTO comments (user_uname, video_name, comment_time, comment) VALUES ('uncingbawd', 'Movie3', toTimestamp(now()), '...');
INSERT INTO comments (user_uname, video_name, comment_time, comment) VALUES ('tantalumsairey', 'Movie3', toTimestamp(now()), '...');

